time;ax;ay;az;aT
0,009;0,0071;0,0903;-0,2976;0,311
0,009;0,0092;0,0899;-0,2975;0,311
0,01;-0,0083;0,2062;-0,0066;0,206
0,01;0,012;0,2059;0,3607;0,415
0,011;-0,0079;0,1858;0,4157;0,455
0,014;0,0106;0,1254;0,064;0,141
0,023;0,009;0,0253;-0,3217;0,323
0,033;0,0076;0,0232;-0,3156;0,316
0,039;0,0069;-0,0157;-0,3872;0,388
0,048;0,0846;-0,0141;-0,1693;0,19
0,056;0,0463;-0,0125;-0,0727;0,087
0,064;-0,0104;0,1051;-0,1137;0,155
0,072;-0,0469;0,1047;0,0391;0,121
0,084;0,0327;0,0852;0,21;0,229
0,089;0,0332;0,0858;0,2061;0,226
0,097;0,0134;0,047;0,2038;0,21
0,106;-0,0069;0,0268;0,0478;0,055
0,115;0,0307;0,0065;-0,1056;0,11
0,123;0,0488;-0,052;-0,1026;0,125
0,131;0,0481;-0,0122;-0,1396;0,148
0,139;0,0483;-0,0108;-0,1388;0,147
0,148;0,0106;-0,0092;-0,12;0,121
0,156;-0,0071;0,031;-0,0439;0,054
0,165;0,0334;0,0321;0,0506;0,069
0,173;0,0536;0,0141;0,1643;0,173
0,182;0,0147;0,0539;0,123;0,135
0,191;0,0144;0,0928;0,122;0,154
0,198;0,0135;0,0919;0,1219;0,153
0,208;0,0317;0,11;0,0255;0,117
0,215;-0,008;0,0702;-0,1088;0,13
0,225;-0,0271;0,0311;-0,1073;0,115
0,232;-0,0067;0,0122;-0,0874;0,088
0,248;-0,0055;-0,0064;-0,03;0,031
0,249;-0,004;-0,0053;-0,0319;0,033
0,258;-0,0026;-0,0234;0,1019;0,105
0,265;-0,0213;-0,0413;0,1578;0,165
0,278;-0,0015;0,0376;0,1558;0,16
0,282;-0,021;0,0574;0,0772;0,099
0,292;0,0173;0,0574;0,0585;0,084
0,299;0,0553;0,0766;-0,1343;0,164
0,308;0,0546;0,0765;-0,132;0,162
0,316;-0,023;0,0187;-0,15;0,153
0,324;-0,0992;0,0968;-0,1491;0,204
0,333;-0,0776;0,0767;-0,129;0,169
0,341;-0,0564;0,0381;-0,0509;0,085
0,349;-0,0548;0,0389;0,0648;0,093
0,361;-0,0535;0,04;0,0639;0,092
0,366;0,0053;0,0798;0,0637;0,102
0,375;0,005;0,0798;0,0639;0,102
0,383;0,0433;0,0799;-0,0516;0,104
0,392;0,0424;0,0989;-0,0886;0,139
0,4;0,0613;0,0789;-0,1066;0,146
0,408;0,0613;0,021;-0,1255;0,141
0,418;0,0615;0,0218;-0,1253;0,141
0,425;0,0809;0,0806;-0,0088;0,114
0,434;0,0224;0,0418;0,0098;0,048
0,442;0,0807;0,1199;0,0672;0,159
0,451;0,0217;0,1196;0,0281;0,125
0,459;0,0598;0,0805;-0,029;0,104
0,467;0,0586;0,0802;-0,0274;0,103
0,476;0,0383;0,0025;-0,1037;0,111
0,484;0,0573;0,0031;-0,1022;0,117
0,492;0,0567;0,0425;-0,1202;0,14
0,506;0,0756;0,043;-0,0993;0,132
0,509;0,075;0,0824;-0,0401;0,118
0,518;0,0359;0,0826;-0,0401;0,099
0,526;0,036;0,0824;-0,0401;0,098
0,537;-0,0026;0,0437;0,0372;0,057
0,542;0,0172;0,0446;0,0172;0,051
0,551;-0,0022;0,0453;-0,0019;0,045
0,559;-0,0216;0,0263;-0,0206;0,04
0,567;0,0563;0,0852;-0,0586;0,118
0,576;0,0559;0,0852;-0,058;0,117
0,585;0,0169;0,0659;-0,1154;0,134
0,593;0,0173;0,1246;-0,0175;0,127
0,601;-0,0209;0,1247;0,0014;0,126
0,611;0,0188;0,0662;-0,038;0,079
0,618;0,0574;0,0656;-0,0957;0,129
0,626;-0,0209;0,007;-0,0166;0,028
0,635;-0,0207;0,0074;-0,0158;0,027
0,65;0,0568;0,008;0,0625;0,085
0,651;0,0752;0,1057;0,0625;0,144
0,671;0,1126;0,1825;-0,1307;0,251
0,672;0,304;0,5471;-0,4763;0,786
0,679;0,048;0,7505;-0,9535;1,214
0,685;0,0457;0,7383;-0,938;1,195
0,694;0,2936;0,9985;-1,1705;1,566
0,702;0,364;1,3895;-2,0385;2,494
0,711;-0,2491;1,791;-3,8267;4,232
0,718;0,1287;2,0492;-4,304;4,769
0,727;0,5831;2,3836;-4,3875;5,027
0,736;-0,308;2,4839;-4,6785;5,306
0,744;-0,3192;2,4667;-4,6492;5,273
0,752;0,2915;2,6649;-4,2187;4,998
0,761;0,5303;2,7026;-4,0868;4,928
0,769;0,0266;2,5781;-4,6079;5,28
0,783;0,5771;2,6865;-5,1397;5,828
0,786;0,8673;2,7342;-5,1511;5,896
0,795;0,8415;2,6993;-5,0997;5,831
0,803;0,4615;2,6231;-4,672;5,378
0,811;0,706;2,5864;-4,1005;4,899
0,819;1,0668;2,5074;-3,9985;4,839
0,828;0,9975;2,4833;-4,0179;4,828
0,838;1,0832;2,4165;-3,8178;4,646
0,845;1,1868;2,3079;-3,9071;4,69
0,853;1,1542;2,2553;-3,8418;4,602
0,861;1,0425;2,1796;-4,1456;4,798
0,871;1,3004;2,1018;-4,0485;4,743
0,878;1,5369;2,0609;-3,6718;4,482
0,887;1,3032;1,9586;-3,5284;4,241
0,895;1,7355;1,9517;-3,4612;4,336
0,912;1,6976;1,8845;-3,3721;4,22
0,914;1,6603;1,8738;-3,1443;4,019
0,922;1,7405;1,7414;-2,9331;3,829
0,929;1,997;1,6649;-2,8953;3,891
0,938;2,4104;1,5857;-2,8163;4,032
0,945;2,2753;1,4248;-2,714;3,817
0,955;2,1801;1,3385;-2,4307;3,529
0,962;2,1462;1,2521;-2,3265;3,404
0,97;2,4476;1,2629;-2,0095;3,409
0,979;2,4562;1,0941;-1,9268;3,308
0,987;2,5053;0,9423;-1,9399;3,306
0,996;2,7712;0,8484;-1,9108;3,471
1,004;2,803;0,7719;-1,7996;3,419
1,012;2,7777;0,6729;-1,6844;3,317
1,021;2,8131;0,4743;-1,4488;3,2
1,029;2,9682;0,3539;-1,0956;3,184
1,038;3,0278;0,252;-0,842;3,153
1,046;2,9725;0,1288;-0,8055;3,082
1,06;3,0566;0,0447;-0,866;3,177
1,07;3,2996;-0,0583;-0,8074;3,397
1,073;3,29;-0,1625;-0,6873;3,365
1,08;3,2047;-0,2682;-0,5444;3,262
1,088;3,22;-0,4121;-0,2245;3,254
1,099;3,3162;-0,5154;0,0358;3,356
1,105;3,2976;-0,5607;0,2375;3,353
1,116;3,2229;-0,7622;0,3215;3,327
1,122;3,2291;-0,8637;0,4431;3,372
1,131;3,2574;-0,9441;0,5251;3,432
1,138;3,2685;-1,0818;0,6461;3,503
1,148;3,1058;-1,2182;0,7865;3,428
1,155;3,1415;-1,3333;0,9272;3,536
1,165;3,0815;-1,4652;0,9894;3,553
1,172;3,0433;-1,5362;1,2081;3,617
1,182;3,0665;-1,626;1,33;3,717
1,19;2,9958;-1,7966;1,4593;3,786
1,203;2,9051;-1,84;1,5583;3,775
1,206;2,7161;-1,9149;1,6674;3,718
1,219;2,4726;-2,0118;1,8234;3,672
1,222;2,9748;-2,1052;1,9002;4,11
1,231;3,0079;-2,1757;2,017;4,225
1,239;2,5914;-2,223;2,2283;4,077
1,247;2,6657;-2,3057;2,2601;4,187
1,256;2,2519;-2,3452;2,4309;4,06
1,264;2,2701;-2,401;2,4618;4,12
1,273;1,8776;-2,4728;2,5687;4,03
1,281;2,0939;-2,5419;2,7346;4,281
1,289;2,1339;-2,5877;2,84;4,395
1,298;1,8409;-2,6096;3,0014;4,383
1,307;1,8423;-2,6468;2,9858;4,395
1,315;1,5505;-2,7389;3,0483;4,382
1,323;1,6117;-2,7488;3,1097;4,452
1,336;1,3592;-2,7738;3,0325;4,329
1,349;1,4004;-2,7952;3,1294;4,423
1,352;1,5575;-2,7739;3,3388;4,612
1,359;1,5165;-2,7527;3,5586;4,748
1,365;1,3177;-2,9878;3,809;5,017
1,375;0,9031;-2,9863;4,7013;5,642
1,381;0,9556;-2,8809;4,9988;5,848
1,39;0,6713;-2,8451;4,3719;5,259
1,398;0,6992;-2,842;4,4317;5,311
1,408;0,6098;-2,8922;3,9467;4,931
1,415;0,9092;-2,8377;3,499;4,596
1,423;0,7539;-2,7423;3,2589;4,325
1,432;0,4813;-2,8258;3,6813;4,666
1,441;0,4258;-2,8511;4,1435;5,048
1,45;0,4468;-2,8345;4,1905;5,079
1,458;0,5041;-2,7743;4,2141;5,07
1,467;0,3832;-2,6922;4;4,837
1,474;0,3396;-2,7257;3,9997;4,852
1,483;0,3529;-2,66;4,2499;5,026
1,492;0,1276;-2,6144;4,9023;5,557
1,5;0,214;-2,5886;5,2556;5,862
1,509;0,2198;-2,5592;5,2729;5,865
1,516;0,2801;-2,5417;4,9537;5,575
1,524;0,181;-2,5174;4,4966;5,157
1,533;0,1403;-2,4913;4,5098;5,154
1,541;0,3521;-2,4054;4,3625;4,994
1,55;0,2858;-2,3179;4,287;4,882
1,558;0,2773;-2,27;4,2873;4,859
1,571;0,3462;-2,2603;4,3639;4,927
1,575;0,2756;-2,1711;4,4164;4,929
1,585;0,399;-2,1195;4,3478;4,853
1,592;0,365;-2,0859;4,3764;4,862
1,601;0,427;-1,9915;4,3818;4,832
1,608;0,2705;-1,8955;4,5375;4,925
1,619;0,2494;-1,8381;4,5124;4,879
1,625;0,3059;-1,8192;4,8961;5,232
1,641;0,5169;-1,7387;4,8057;5,137
1,644;0,6466;-1,692;4,4371;4,793
1,651;0,7361;-1,6218;4,3226;4,675
1,659;0,9611;-1,5294;4,2243;4,594
1,669;0,9289;-1,4554;4,1787;4,521
1,676;0,9355;-1,3229;3,9345;4,255
1,684;0,923;-1,2872;4,0035;4,305
1,693;1,086;-1,1335;4,1078;4,397
1,701;1,0507;-1,0947;3,9311;4,214
1,709;1,0751;-1,0356;3,8721;4,15
1,718;1,2184;-0,9753;3,8341;4,14
1,726;1,1838;-0,8929;3,771;4,052
1,734;1,3051;-0,7904;3,7225;4,023
1,743;1,3681;-0,8052;3,8876;4,199
1,751;1,4505;-0,6811;3,7752;4,101
1,76;1,5518;-0,5929;3,6191;3,982
1,768;1,7124;-0,4845;3,4611;3,892
1,777;1,6775;-0,3943;3,3794;3,793
1,785;1,7803;-0,2833;3,0989;3,585
1,795;1,9229;-0,0934;2,9922;3,558
1,801;1,9685;-0,0215;3,0407;3,622
1,81;2,0737;0,0701;3,0471;3,687
1,818;2,1603;0,2009;2,9727;3,68
1,828;2,2478;0,2743;2,8367;3,63
1,835;2,2189;0,3674;2,7376;3,543
1,845;2,25;0,4803;2,5573;3,44
1,852;2,3411;0,6328;2,3547;3,38
1,861;2,4333;0,6869;2,4034;3,488
1,869;2,5465;0,8376;2,3319;3,553
1,878;2,6216;0,8896;2,2567;3,572
1,885;2,6006;0,9799;2,1403;3,508
1,897;2,7573;1,0705;1,9218;3,527
1,903;2,837;1,278;1,5037;3,456
1,911;2,8404;1,4056;1,1636;3,376
1,919;2,8659;1,492;1,0214;3,389
1,927;2,7956;1,5167;0,9395;3,316
1,936;2,8841;1,6568;0,9558;3,461
1,944;2,8767;1,7374;0,8362;3,463
1,952;2,9301;1,8156;0,6589;3,509
1,961;2,8283;1,832;0,5781;3,419
1,969;2,8261;1,9624;0,4366;3,468
1,977;2,9626;2,1498;0,4297;3,686
1,986;2,8263;2,1573;0,2251;3,563
1,994;2,8289;2,2201;0,097;3,597
2,003;2,7745;2,2807;-0,1673;3,595
2,011;2,7415;2,3785;-0,3916;3,651
2,019;2,9058;2,4533;-0,5572;3,844
2,028;2,7576;2,4646;-0,701;3,764
2,041;2,6698;2,453;-0,7675;3,706
2,045;2,6617;2,5754;-0,8714;3,805
2,054;2,6745;2,6165;-0,9953;3,872
2,062;2,6097;2,6913;-1,1974;3,935
2,071;2,5655;2,7424;-1,3794;4,001
2,078;2,4832;2,8291;-1,5796;4,082
2,088;2,3823;2,8534;-1,72;4,096
2,095;2,3017;2,8148;-1,7795;4,048
2,104;2,3198;2,8314;-1,8969;4,123
2,112;2,2992;2,8637;-2,0132;4,188
2,12;2,1813;2,8528;-2,2849;4,256
2,129;2,1814;2,897;-2,4367;4,369
2,137;2,1426;2,8987;-2,5272;4,402
2,145;2,0061;2,838;-2,6352;4,362
2,154;1,9091;2,8914;-2,7406;4,418
2,162;1,9297;2,8826;-2,8437;4,485
2,171;1,8517;2,849;-2,9825;4,521
2,179;1,7539;2,812;-3,1573;4,577
2,187;1,7147;2,7912;-3,3097;4,657
2,196;1,6361;2,7669;-3,3812;4,665
2,204;1,5576;2,7786;-3,4317;4,682
2,212;1,5762;2,7489;-3,5165;4,734
2,221;1,5359;2,6769;-3,58;4,727
2,23;1,4562;2,621;-3,622;4,702
2,238;1,3369;2,5228;-3,779;4,736
2,246;1,2761;2,4809;-3,7569;4,68
2,254;1,1758;2,4763;-3,8692;4,742
2,266;1,0755;2,4298;-3,8033;4,64
2,271;1,0924;2,3807;-3,8724;4,675
2,281;1,2848;2,288;-4,2138;4,964
2,288;1,0258;2,2509;-4,6495;5,267
2,298;0,9223;2,1938;-4,6671;5,239
2,305;1,0137;2,1375;-4,4841;5,07
2,317;0,8682;1,982;-4,3542;4,862
2,322;0,8771;1,9219;-4,3941;4,876
2,334;0,9046;1,9179;-4,588;5,054
2,338;0,8729;1,892;-4,6622;5,107
2,347;0,8996;1,6872;-4,6759;5,052
2,355;0,8477;1,6393;-4,6482;5,001
2,364;0,9131;1,5917;-4,5797;4,934
2,372;0,8605;1,5043;-4,6851;4,995
2,38;0,8652;1,4346;-4,7075;4,997
2,389;0,7694;1,3037;-4,9187;5,146
2,397;0,8093;1,2492;-5,0662;5,28
2,405;0,8477;1,1738;-4,9157;5,124
2,414;0,7483;1,0984;-4,6252;4,812
2,422;0,708;1,0047;-4,4713;4,637
2,43;0,707;0,9309;-4,5316;4,68
2,439;0,6858;0,8941;-4,5307;4,669
2,448;0,7419;0,776;-4,8393;4,957
2,456;0,7179;0,6569;-5,0048;5,099
2,464;0,8098;0,6171;-4,7928;4,9
2,472;0,8222;0,4802;-4,5381;4,637
2,481;0,7555;0,3235;-4,3587;4,435
2,492;0,7476;0,2445;-4,3345;4,405
2,498;0,7982;0,1641;-4,3472;4,423
2,509;0,9072;0,0826;-4,5139;4,605
2,514;0,9371;-0,0195;-4,6179;4,712
2,524;0,9074;-0,1009;-4,5025;4,594
2,531;0,9746;-0,2007;-4,2851;4,399
2,539;0,9235;-0,2817;-4,1615;4,272
2,548;0,9116;-0,3621;-4,1144;4,23
2,557;0,9194;-0,4045;-4,0646;4,187
2,565;0,986;-0,5064;-4,091;4,239
2,573;0,994;-0,5881;-3,9979;4,161
2,582;1,0996;-0,63;-3,8625;4,065
2,593;1,0546;-0,7595;-3,6399;3,865
2,599;1,0294;-0,8287;-3,5325;3,772
2,61;1,0434;-0,9353;-3,5779;3,843
2,615;1,1542;-1,0406;-3,3876;3,727
2,624;1,1092;-1,1631;-3,2551;3,63
2,632;1,1232;-1,2059;-3,1016;3,512
2,641;1,2341;-1,2673;-2,9084;3,404
2,649;1,2473;-1,3662;-3,3721;3,846
2,657;1,2217;-1,4233;-3,2447;3,748
2,666;1,3515;-1,4198;-3,2499;3,795
2,674;1,887;-1,4516;-2,9472;3,789
2,684;1,5265;-1,4796;-1,6827;2,711
2,691;1,3646;-1,5464;-1,0481;2,313
2,711;0,9929;-1,5342;-1,4252;2,318
2,714;0,9756;-1,5785;-1,3139;2,274
2,72;1,52;-1,6022;-1,9928;2,975
2,726;1,3616;-1,7204;-1,9066;2,907
2,734;1,3417;-1,8141;-1,5516;2,738
2,741;1,3997;-1,826;-1,1193;2,559
2,75;1,6118;-1,8541;-1,2293;2,747
2,758;1,3576;-1,8804;-1,2947;2,656
2,766;1,3401;-1,9041;-1,1632;2,603
2,775;1,4978;-1,8855;-0,8211;2,544
2,783;1,4416;-1,9609;-0,3104;2,454
2,791;1,3672;-1,9915;-0,1369;2,419
2,8;1,333;-1,9797;-0,2342;2,398
2,808;1,416;-1,9646;-0,5209;2,477
2,817;1,4019;-1,9657;-0,3927;2,446
2,825;1,4663;-1,9442;-0,3619;2,462
2,833;1,3761;-1,9588;0,0559;2,395
2,842;1,3651;-1,9499;0,5834;2,451
2,852;1,2774;-1,9952;0,7746;2,493
2,861;1,5191;-1,9625;0,7802;2,601
2,87;1,428;-1,8851;0,6316;2,448
2,875;1,4355;-1,8819;0,7546;2,484
2,885;1,0133;-1,9359;0,6388;2,277
2,893;1,4539;-1,906;1,1925;2,677
2,901;1,6393;-1,8702;1,2541;2,785
2,909;1,2621;-1,8885;1,144;2,543
2,918;1,4134;-1,8051;1,2133;2,594
2,926;1,4082;-1,7563;1,3201;2,61
2,934;1,4615;-1,6481;1,4409;2,632
2,943;1,7084;-1,6551;1,7341;2,944
2,951;1,082;-1,6012;2,1376;2,882
2,961;1,4116;-1,5427;2,0483;2,927
2,968;1,4668;-1,4607;2,272;3,074
2,977;1,426;-1,4547;2,0509;2,891
2,984;1,4241;-1,3884;2,1363;2,919
2,999;1,0935;-1,2987;2,2566;2,824
3,006;1,4453;-1,2081;2,5102;3,138
3,021;1,1347;-1,1165;2,6218;3,067
3,022;1,3507;-1,0811;2,4385;2,99
3,029;1,1199;-1,043;2,5295;2,956
3,035;1,125;-0,9637;2,5987;2,991
3,043;1,2075;-0,8628;2,6446;3,033
3,051;1,0188;-0,7623;2,9009;3,168
3,06;1,104;-0,7203;2,9777;3,256
3,068;0,9952;-0,5791;3,0133;3,226
3,077;0,9847;-0,4957;3,0264;3,221
3,085;0,956;-0,3909;3,1163;3,283
3,094;0,9669;-0,3047;3,1646;3,323
3,102;0,9393;-0,1394;3,1519;3,292
3,11;1,3189;0,0638;3,0992;3,369
3,119;1,0937;0,0491;3,1789;3,362
3,127;0,6977;0,0136;3,332;3,404
3,136;1,1002;0,1942;3,6926;3,858
3,144;1,1092;0,2783;3,7137;3,886
3,152;0,8851;0,4937;3,884;4,014
3,161;0,5477;0,3757;4,0099;4,065
3,171;0,5805;0,4558;4,0484;4,115
3,178;0,7662;0,5776;4,0799;4,191
3,187;0,7561;0,6598;3,7614;3,893
3,194;0,5909;0,7807;2,7082;2,88
3,204;0,6016;0,8649;2,7096;2,907
3,213;0,7106;1,0637;2,5589;2,861
3,22;0,819;1,1182;3,1469;3,439
3,228;0,4996;1,1286;3,7039;3,904
3,237;0,5323;1,1964;3,9606;4,171
3,245;0,5059;1,3437;3,8029;4,065
3,254;0,5177;1,4152;3,7777;4,067
3,261;0,4123;1,466;3,5159;3,832
3,274;0,462;1,4962;3,3496;3,698
3,279;0,5873;1,5635;3,3744;3,765
3,293;0,5171;1,6474;3,5901;3,984
3,295;0,4861;1,6906;3,4907;3,909
3,304;0,3573;1,7709;3,058;3,552
3,312;0,3659;1,8321;3,0163;3,548
3,32;0,4909;1,9103;2,8405;3,458
3,328;0,4974;1,9848;3,0705;3,69
3,337;0,4058;2,0563;3,1571;3,789
3,346;0,3726;2,0864;3,3936;4,001
3,354;0,4359;2,1729;3,4305;4,084
3,362;0,4394;2,2191;3,3656;4,055
3,371;0,3837;2,2647;3,0637;3,829
3,38;0,3668;2,3278;2,8976;3,735
3,387;0,4655;2,4081;2,7883;3,714
3,396;0,4456;2,4463;2,5016;3,527
3,404;0,3676;2,4626;2,4684;3,506
3,412;0,4844;2,4954;2,6304;3,658
3,421;0,4833;2,5264;2,5558;3,626
3,43;0,423;2,593;2,5355;3,651
3,438;0,4209;2,6565;2,4349;3,628
3,446;0,5533;2,6986;2,3302;3,608
3,454;0,5089;2,6601;2,1829;3,478
3,463;0,5999;2,7171;2,0143;3,435
3,471;0,5927;2,7315;1,9243;3,393
3,48;0,6629;2,8016;1,7562;3,372
3,488;0,7318;2,8104;1,6653;3,348
3,496;0,7026;2,8352;1,5734;3,318
3,505;0,7509;2,8376;1,5193;3,305
3,513;0,7983;2,876;1,4435;3,316
3,522;0,883;2,9101;1,3638;3,333
3,531;0,8695;2,902;1,2623;3,282
3,538;0,9528;2,8327;1,1019;3,185
3,549;0,919;2,8394;0,8831;3,112
3,555;1,0211;2,8235;0,7818;3,103
3,564;1,1605;2,843;0,6989;3,149
3,572;1,1819;2,8006;0,575;3,094
3,581;1,1645;2,7754;0,4688;3,046
3,589;1,2249;2,6889;0,3813;2,979
3,597;1,3815;2,6967;0,1561;3,034
3,606;1,3622;2,7198;-0,0684;3,043
3,614;1,3821;2,6609;-0,1752;3,004
3,623;1,4988;2,5797;-0,3392;3,003
3,631;1,4789;2,5139;-0,4635;2,953
3,639;1,4596;2,4646;-0,5666;2,92
3,648;1,5573;2,4122;-0,6489;2,944
3,665;1,6346;2,3947;-0,7108;2,985
3,669;1,6535;2,2184;-0,7723;2,873
3,683;1,7308;2,1764;-1,0272;2,964
3,685;1,7887;2,1895;-1,2031;3,073
3,694;1,7694;2,1214;-1,3011;3,054
3,698;1,79;2,07;-1,3987;3,073
3,706;1,8307;2,0158;-1,457;3,088
3,715;1,953;1,9236;-1,6109;3,18
3,723;2,0173;1,8272;-1,7439;3,233
3,731;2,0241;1,7272;-1,936;3,291
3,739;2,1301;1,7026;-2,089;3,435
3,748;2,1392;1,6363;-2,2005;3,478
3,757;2,1694;1,5269;-2,2733;3,494
3,765;2,1815;1,3957;-2,4243;3,547
3,773;2,2343;1,3212;-2,5744;3,656
3,782;2,2688;1,2444;-2,7035;3,742
3,794;2,3443;1,1454;-2,833;3,851
3,799;2,3625;1,0646;-2,9413;3,92
3,819;2,4019;1,0008;-3,0488;4,008
3,82;2,4624;0,8563;-3,1356;4,078
3,824;2,4658;0,769;-3,2799;4,175
3,832;2,4902;0,6796;-3,4418;4,302
3,84;2,4573;0,5697;-3,6209;4,413
3,849;2,4455;0,4585;-3,7195;4,475
3,857;2,4743;0,366;-3,8158;4,563
3,865;2,4847;0,3122;-4,0271;4,742
3,874;2,4766;0,2188;-4,0201;4,727
3,883;2,4501;0,0854;-4,1673;4,835
3,891;2,4249;-0,0684;-4,2337;4,879
3,9;2,3811;-0,1441;-4,2974;4,915
3,908;2,4166;-0,2381;-4,3779;5,006
3,917;2,3749;-0,3124;-4,5152;5,111
3,925;2,3737;-0,4844;-4,4748;5,089
3,936;2,2951;-0,5566;-4,589;5,161
3,942;2,2176;-0,7079;-4,6617;5,211
3,955;2,2191;-0,839;-4,8292;5,38
3,958;2,182;-0,8318;-4,9157;5,442
3,966;2,2243;-0,9219;-4,9814;5,533
3,975;2,1101;-1,0293;-4,9269;5,458
3,983;2,0751;-1,1554;-4,9098;5,454
3,992;1,9228;-1,2995;-4,9881;5,502
4;1,8665;-1,3682;-5,101;5,601
4,008;1,8677;-1,3957;-5,0542;5,566
4,017;1,8872;-1,4603;-5,0436;5,58
4,025;1,6931;-1,5625;-5,0695;5,568
4,034;1,6169;-1,6238;-5,1118;5,602
4,043;1,5407;-1,722;-5,0734;5,575
4,054;1,4259;-1,8178;-5,0133;5,52
4,06;1,331;-1,8138;-4,9326;5,421
4,084;1,2361;-1,9045;-5,1597;5,637
4,085;1,2571;-1,9535;-5,1293;5,631
4,086;1,2571;-1,9999;-5,2708;5,776
4,094;1,2317;-2,0673;-5,1404;5,676
4,101;1,0683;-2,1703;-4,8908;5,456
4,11;1,0607;-2,2708;-4,7373;5,359
4,118;1,15;-2,29;-4,7389;5,387
4,127;1,1797;-2,348;-4,7575;5,435
4,134;0,9336;-2,4458;-5,0256;5,667
4,143;0,8611;-2,4831;-5,189;5,817
4,151;0,9237;-2,5175;-5,2899;5,931
4,159;0,8475;-2,5295;-5,0944;5,751
4,168;0,6524;-2,6179;-4,8577;5,557
4,177;0,554;-2,6839;-4,7172;5,455
4,185;0,5715;-2,7276;-4,7115;5,474
4,196;0,5678;-2,7511;-4,6244;5,411
4,202;0,5429;-2,8131;-4,8471;5,63
4,216;0,4574;-2,8743;-5,0851;5,859
4,218;0,5063;-2,9117;-5,0064;5,814
4,227;0,4744;-2,9458;-4,8074;5,658
4,235;0,4797;-2,9777;-4,782;5,654
4,243;0,405;-3,0279;-4,6366;5,553
4,252;0,5038;-3,0164;-4,5461;5,479
4,26;0,5807;-3,0229;-4,6482;5,575
4,268;0,5186;-3,0865;-4,7078;5,653
4,277;0,4741;-3,1279;-4,6471;5,622
4,286;0,5059;-3,1468;-4,5056;5,519
4,294;0,4962;-3,1621;-4,46;5,49
4,302;0,4847;-3,136;-4,3919;5,418
4,311;0,4515;-3,1867;-4,3203;5,387
4,339;0,5143;-3,1762;-4,2459;5,327
4,34;0,5751;-3,1431;-4,2475;5,315
4,34;0,6336;-3,2247;-4,2066;5,338
4,344;0,6114;-3,2243;-4,1429;5,285
4,354;0,6462;-3,2016;-3,9594;5,133
4,361;0,7961;-3,1756;-4,0268;5,19
4,37;0,6106;-3,1273;-4,1873;5,262
4,378;0,7573;-3,0955;-4,131;5,217
4,386;0,7074;-3,0394;-3,8023;4,919
4,395;1,0476;-3,0561;-3,396;4,687
4,404;1,013;-3,0296;-3,319;4,607
4,411;1,0748;-3,0016;-2,9438;4,339
4,419;1,1555;-2,993;-3,0736;4,443
4,428;1,0205;-2,9438;-3,1818;4,453
4,436;1,257;-2,8705;-3,0741;4,39
4,445;1,1212;-2,8721;-2,928;4,252
4,454;1,0829;-2,8306;-2,8396;4,153
4,463;1,18;-2,8046;-2,9226;4,219
4,477;1,2762;-2,7561;-3,0013;4,27
4,478;1,4912;-2,6535;-3,0408;4,303
4,487;1,4718;-2,5684;-2,5948;3,936
4,495;1,5117;-2,4996;-2,1166;3,607
4,504;1,687;-2,3692;-1,7804;3,41
4,512;1,6286;-2,2753;-1,6603;3,254
4,521;1,6884;-2,1805;-1,7155;3,248
4,529;1,5935;-2,1682;-2,0054;3,356
4,537;1,8318;-2,0544;-2,0955;3,459
4,546;2,031;-1,9561;-1,8112;3,351
4,554;1,8985;-1,9141;-1,4303;3,052
4,562;1,865;-1,8292;-1,3221;2,928
4,571;1,9895;-1,7217;-1,1352;2,866
4,58;1,9391;-1,6114;-1,0664;2,737
4,59;2,0863;-1,5385;-1,0374;2,792
4,609;2,0979;-1,3651;-0,7937;2,626
4,611;2,2483;-1,2678;-0,8464;2,716
4,613;2,1262;-1,1892;-0,702;2,535
4,621;2,1041;-1,0893;-0,5937;2,443
4,629;2,4752;-0,9861;-0,5627;2,723
4,638;2,2801;-0,9014;-0,4161;2,487
4,646;2,3812;-0,8156;-0,2104;2,526
4,655;2,3276;-0,6695;0,0336;2,422
4,662;2,4329;-0,6007;0,117;2,509
4,672;2,4227;-0,4921;0,2192;2,482
4,68;2,356;-0,3446;0,36;2,408
4,688;2,3895;-0,1952;0,2258;2,408
4,697;2,2489;0,0325;0,2872;2,267
4,706;2,2285;0,1422;0,4471;2,277
4,713;2,6408;0,2309;0,6836;2,738
4,722;2,1346;0,2799;1,0373;2,39
4,731;2,1403;0,3866;1,134;2,453
4,74;1,913;0,533;1,032;2,238
4,752;2,2365;0,6801;1,1665;2,613
4,755;2,1304;0,7464;1,1214;2,521
4,764;2,0847;0,8895;1,307;2,616
4,772;2,2369;1,0321;1,5914;2,933
4,78;2,2532;1,133;1,6775;3,029
4,789;2,0943;1,2706;1,8177;3,05
4,797;1,8984;1,3286;1,723;2,888
4,806;1,9395;1,5227;1,7859;3,045
4,814;1,8639;1,5775;1,8838;3,084
4,825;1,6131;1,6881;2,0374;3,099
4,831;1,5988;1,7562;2,2101;3,244
4,84;1,6247;1,8415;2,2839;3,354
4,848;1,4944;1,9049;2,374;3,391
4,856;1,3455;1,9855;2,3647;3,368
4,864;1,3737;2,1031;2,432;3,496
4,873;1,3239;2,1601;2,5555;3,599
4,882;1,1765;2,312;2,6571;3,713
4,893;1,2058;2,3824;2,7177;3,81
4,899;1,2542;2,4886;2,6971;3,878
4,914;1,0281;2,5328;2,7325;3,865
4,915;0,9193;2,573;2,883;3,972
4,923;0,9083;2,7083;3,1486;4,251
4,932;0,7596;2,7232;3,1954;4,267
4,94;0,6486;2,7746;3,1384;4,239
4,948;0,6729;2,8231;3,1731;4,3
4,957;0,598;2,9859;3,2439;4,449
4,966;0,6393;2,9873;3,3708;4,549
4,974;0,4826;3,0056;3,1786;4,401
4,982;0,3834;3,0213;3,0025;4,277
4,991;0,578;3,0933;3,1217;4,433
4,999;0,5945;3,1225;3,14;4,468
5,007;0,4131;3,1868;3,2331;4,558
5,024;0,1922;3,1306;3,3452;4,586
5,025;0,3817;3,1902;3,4159;4,69
5,032;0,3142;3,2076;3,3058;4,617
5,041;0,1273;3,1821;3,2317;4,537
5,05;0,2526;3,2129;3,3906;4,678
5,058;0,2586;3,2217;3,39;4,684
5,066;0,2425;3,2264;3,581;4,826
5,074;0,1257;3,2467;3,4726;4,756
5,083;0,2028;3,2651;3,399;4,718
5,091;0,1605;3,2417;3,2835;4,617
5,1;0,1167;3,1167;3,2641;4,515
5,108;0,1105;3,1056;3,5563;4,723
5,116;0,1027;3,0716;3,278;4,493
5,127;0,1323;3,0741;3,2515;4,477
5,135;0,1798;3,1134;3,2217;4,484
5,144;0,3038;3,091;3,1691;4,437
5,161;0,3671;3,085;3,1133;4,398
5,162;0,4285;3,0762;3,0149;4,329
5,166;0,4103;3,0445;2,9729;4,275
5,175;0,5083;2,9315;2,8897;4,148
5,183;0,5459;2,8929;2,8038;4,066
5,192;0,5628;2,9101;2,7551;4,047
5,2;0,6178;2,9243;2,6842;4,017
5,209;0,6911;2,7978;2,5907;3,875
5,217;0,6656;2,7472;2,5338;3,796
5,225;0,7176;2,6941;2,4935;3,74
5,234;0,7494;2,6378;2,4115;3,652
5,242;0,8001;2,5195;2,3666;3,548
5,251;0,87;2,4572;2,3389;3,502
5,259;0,9786;2,4118;2,2307;3,428
5,267;1,1065;2,3436;2,0419;3,299
5,276;1,0775;2,2721;1,9693;3,194
5,284;1,1465;2,2172;1,933;3,157
5,297;1,2351;2,0816;1,8743;3,061
5,303;1,3278;1,9787;1,8313;3,005
5,315;1,4005;1,8541;1,6696;2,861
5,318;1,4929;1,7683;1,5282;2,773
5,326;1,4495;1,661;1,1144;2,47
5,334;1,5431;1,4744;1,206;2,451
5,343;1,6371;1,404;1,0437;2,396
5,351;1,6735;1,2941;0,8828;2,292
5,36;1,7708;1,1195;0,7324;2,219
5,368;1,8302;0,9422;0,659;2,161
5,376;1,9305;0,8815;0,5475;2,192
5,385;1,9149;0,7787;0,4557;2,117
5,393;1,9794;0,6743;0,3431;2,119
5,402;2,0063;0,5294;0,3262;2,1
5,41;2,1135;0,4041;0,23;2,164
5,418;2,1245;0,2771;0,0523;2,143
5,427;2,1181;0,1695;-0,0672;2,126
5,436;2,1139;0,0605;-0,1672;2,121
5,452;2,2293;-0,0482;-0,2665;2,246
5,453;2,2488;-0,1581;-0,4845;2,306
5,461;2,1923;-0,2873;-0,6441;2,303
5,469;2,1967;-0,4152;-0,6662;2,333
5,477;2,2426;-0,5037;-0,7677;2,423
5,486;2,271;-0,6109;-0,869;2,507
5,494;2,282;-0,718;-0,9703;2,582
5,505;2,256;-0,8637;-1,091;2,651
5,511;2,193;-0,9684;-1,1915;2,677
5,521;2,2496;-1,1303;-1,3704;2,866
5,527;2,2298;-1,2124;-1,4516;2,924
5,537;2,1533;-1,2926;-1,5321;2,942
5,544;2,0985;-1,4304;-1,6132;3,009
5,553;2,1238;-1,5265;-1,7127;3,126
5,561;2,0922;-1,6213;-1,8319;3,219
5,572;2,0817;-1,7323;-1,9107;3,314
5,58;1,975;-1,7829;-2,068;3,37
5,594;1,9089;-1,9087;-2,1258;3,436
5,595;1,864;-1,9541;-2,2811;3,535
5,603;1,8983;-2,035;-2,3759;3,659
5,611;1,7768;-2,1522;-2,5081;3,752
5,619;1,6762;-2,2667;-2,6979;3,902
5,628;1,6542;-2,3377;-2,7483;3,969
5,637;1,4961;-2,4062;-2,7982;3,982
5,645;1,4367;-2,4717;-2,905;4,076
5,654;1,3771;-2,5329;-3,0091;4,167
5,661;1,4157;-2,5913;-3,0921;4,276
5,67;1,3171;-2,6072;-3,2118;4,341
5,679;1,2772;-2,6984;-3,29;4,443
5,686;1,1192;-2,7468;-3,424;4,53
5,695;1,0195;-2,7908;-3,4385;4,544
5,704;1,0368;-2,8116;-3,3925;4,526
5,712;1,0727;-2,849;-3,4614;4,61
5,72;0,9321;-2,9032;-3,5876;4,708
5,729;0,869;-2,9532;-3,6532;4,777
5,737;0,8824;-2,9598;-3,6759;4,801
5,745;0,7386;-3,0038;-3,7946;4,896
5,753;0,6531;-3,0064;-3,8329;4,915
5,763;0,6053;-3,0639;-3,8686;4,972
5,77;0,6342;-3,0782;-3,9218;5,026
5,779;0,5443;-3,0694;-3,9143;5,004
5,787;0,4331;-3,0775;-3,9819;5,051
5,796;0,3008;-3,1418;-4,105;5,178
5,804;0,3422;-3,1039;-4,1259;5,174
5,812;0,3816;-3,1018;-4,1641;5,206
5,821;0,3998;-3,0969;-4,2003;5,234
5,831;0,2012;-3,0897;-4,2931;5,293
5,838;0,2159;-3,0988;-4,2258;5,245
5,849;0,2087;-3,0657;-4,2925;5,279
5,855;0,1802;-3,0309;-4,2778;5,246
5,863;0,1109;-3,0138;-4,2213;5,188
5,872;0,0788;-2,9941;-4,2013;5,16
5,88;0,0841;-2,9718;-4,2181;5,161
5,888;0,0285;-2,9276;-4,3298;5,227
5,897;-0,068;-2,901;-4,5946;5,434
5,905;0,0489;-2,8324;-4,7;5,488
5,914;0,1627;-2,8175;-4,5282;5,336
5,922;0,0589;-2,8185;-4,3154;5,155
5,93;0,0513;-2,7768;-4,3166;5,133
5,939;0,0616;-2,7135;-4,2171;5,015
5,947;0,1679;-2,6297;-4,2708;5,018
5,956;0,1742;-2,5646;-4,4571;5,145
5,965;0,1784;-2,538;-4,5992;5,256
5,979;0,2588;-2,4502;-4,522;5,15
5,983;0,3759;-2,4171;-4,3243;4,968
5,998;0,3539;-2,3613;-4,3005;4,919
5,999;0,3312;-2,3425;-4,1774;4,801
6,01;0,3465;-2,3024;-4,1691;4,775
6,014;0,4386;-2,2222;-4,2156;4,786
6,023;0,3727;-2,1607;-4,4151;4,93
6,03;0,5214;-2,1165;-4,377;4,89
6,039;0,492;-2,0493;-4,3357;4,821
6,047;0,6575;-1,9204;-4,1354;4,607
6,056;0,6656;-1,8479;-4,0708;4,52
6,064;0,7512;-1,8323;-4,0817;4,537
6,072;0,9145;-1,7169;-4,1292;4,564
6,081;0,8819;-1,6189;-3,9409;4,351
6,09;0,8882;-1,5771;-3,7509;4,165
6,098;0,8549;-1,4942;-3,6948;4,076
6,111;0,8999;-1,3704;-3,7144;4,06
6,117;1,0619;-1,2842;-3,848;4,193
6,125;1,0931;-1,1244;-3,5831;3,911
6,131;1,1636;-1,0427;-3,2239;3,583
6,14;1,2151;-0,9212;-3,0622;3,421
6,148;1,1702;-0,8189;-2,9593;3,286
6,157;1,3591;-0,6784;-3,1069;3,458
6,165;1,3529;-0,5588;-3,1918;3,511
6,174;1,4254;-0,4396;-3,2149;3,544
6,182;1,4592;-0,3198;-2,964;3,319
6,191;1,5505;-0,2604;-2,6476;3,079
6,199;1,6428;-0,1415;-2,4075;2,918
6,208;1,6187;-0,0408;-2,3226;2,831
6,216;1,5772;0,0972;-2,161;2,677
6,224;1,7133;0,2167;-2,2327;2,823
6,232;1,7138;0,2773;-2,2449;2,838
6,241;1,7155;0,2803;-2,0975;2,724
6,251;1,8947;0,4594;-1,9279;2,742
6,258;1,8795;0,56;-1,8353;2,686
6,27;1,9248;0,7183;-1,8794;2,784
6,276;1,8542;0,7979;-1,7252;2,655
6,285;1,9812;0,9756;-1,5111;2,676
6,291;1,9924;1,1124;-1,3372;2,645
6,299;1,9661;1,1499;-1,2409;2,594
6,308;2,0394;1,2648;-1,1821;2,675
6,317;2,036;1,3582;-1,0843;2,677
6,325;2,0734;1,4691;-1,0843;2,763
6,333;2,0339;1,5591;-0,9832;2,745
6,342;1,9961;1,6465;-0,7443;2,692
6,35;1,9795;1,7515;-0,6035;2,711
6,359;2,0428;1,9139;-0,5008;2,844
6,367;2,0487;1,9948;-0,3995;2,887
6,376;2,0168;2,1127;-0,2991;2,936
6,384;1,908;2,1889;-0,3164;2,921
6,392;1,8985;2,2621;-0,0979;2,955
6,401;1,9099;2,3917;0,0624;3,061
6,408;1,7852;2,4394;0,1819;3,028
6,427;1,6812;2,503;0,2621;3,027
6,429;1,6957;2,5633;0,3622;3,095
6,434;1,7892;2,679;0,3444;3,24
6,445;2,0006;2,6536;0,7378;3,404
6,45;1,5072;2,7418;0,9114;3,259
6,459;1,7008;2,8675;0,928;3,461
6,468;1,7383;2,7746;0,9285;3,403
6,476;1,756;2,8139;1,0242;3,471
6,484;1,5387;2,9087;0,9779;3,433
6,493;1,5573;2,9613;1,1491;3,538
6,501;1,5959;3,0094;1,636;3,779
6,512;1,262;2,9942;1,5504;3,6
6,518;1,2218;3,0934;1,5977;3,69
6,527;1,3586;3,1318;1,6654;3,798
6,534;1,3768;3,1457;1,75;3,854
6,545;1,1985;3,1358;1,8122;3,815
6,551;0,9893;2,9699;1,9682;3,698
6,564;1,2082;3,0161;2,2193;3,935
6,568;0,9204;3,0193;2,2129;3,855
6,576;0,8285;2,9609;2,1831;3,771
6,585;0,8343;2,9201;2,2307;3,768
6,593;0,859;2,877;2,3544;3,816
6,601;0,7855;2,7919;2,4156;3,775
6,61;0,6539;2,7236;2,4736;3,737
6,618;0,6784;2,6533;2,5494;3,742
6,627;0,6632;2,6386;2,6033;3,765
6,635;0,5892;2,5442;2,5568;3,655
6,644;0,5927;2,487;2,5855;3,636
6,652;0,6536;2,5241;2,5934;3,678
6,661;0,5962;2,4212;2,5397;3,559
6,669;0,4997;2,2961;2,6769;3,562
6,677;0,5066;2,2357;2,8828;3,683
6,686;0,4151;2,1533;2,9685;3,691
6,696;0,4206;2,1074;3,0115;3,7
6,704;0,3468;1,9812;3,0897;3,687
6,711;0,37;1,9319;3,0852;3,659
6,719;0,4114;1,9588;3,0366;3,637
6,728;0,3926;1,8844;3,062;3,617
6,736;0,4314;1,8067;3,0641;3,583
6,744;0,4502;1,7466;3,0842;3,573
6,753;0,4489;1,6843;3,1021;3,558
6,761;0,4275;1,6203;2,9609;3,402
6,77;0,406;1,5153;2,9167;3,312
6,778;0,4627;1,4095;3,0273;3,371
6,786;0,4598;1,4386;3,0759;3,427
6,795;0,3975;1,2697;3,1796;3,447
6,803;0,3935;1,1969;3,1823;3,423
6,811;0,428;1,1231;3,2596;3,474
6,827;0,4811;1,0676;3,1167;3,329
6,83;0,4355;0,9519;3,0681;3,242
6,844;0,4486;0,7952;3,0174;3,153
6,845;0,481;0,7553;2,9834;3,115
6,853;0,4545;0,6942;2,9668;3,081
6,862;0,4477;0,6121;2,9482;3,044
6,87;0,4604;0,5297;3,0052;3,086
6,879;0,5314;0,3874;2,9992;3,07
6,887;0,5756;0,2802;2,9353;3,004
6,896;0,5612;0,1727;2,8495;2,909
6,904;0,6052;0,0853;2,723;2,791
6,913;0,591;-0,0012;2,6545;2,72
6,921;0,5583;-0,0288;2,5081;2,57
6,93;0,5653;-0,134;2,3808;2,451
6,938;0,6306;-0,2772;2,3686;2,467
6,949;0,6568;-0,3224;2,3152;2,428
6,954;0,6635;-0,4448;2,2777;2,414
6,972;0,6705;-0,5846;2,1022;2,283
6,973;0,6587;-0,6648;2,0228;2,229
6,981;0,7636;-0,744;1,8837;2,164
6,988;0,8292;-0,841;1,7642;2,123
6,996;0,8561;-0,879;1,7022;2,098
7,004;0,8253;-0,9745;1,6966;2,123
7,013;0,8731;-1,0676;1,5923;2,107
7,021;0,8629;-1,1397;1,5063;2,077
7,03;0,9309;-1,2097;1,3221;2,019
7,038;0,9407;-1,2782;1,2146;1,999
7,047;0,9703;-1,3635;1,1257;2,017
7,055;1,0003;-1,4665;1,0544;2,065
7,063;1,05;-1,5083;0,9434;2,066
7,072;1,0806;-1,5294;0,851;2,057
7,08;1,0727;-1,5865;0,7583;2,06
7,088;1,027;-1,661;0,6836;2,069
7,097;1,0602;-1,6943;0,569;2,078
7,106;1,0356;-1,7644;0,4532;2,096
7,12;1,0315;-1,8505;0,3759;2,152
7,122;1,0282;-1,8952;0,2581;2,172
7,13;1,0255;-1,9364;0,1595;2,197
7,14;1,1203;-1,8782;0,0023;2,187
7,147;1,0793;-1,9737;-0,2118;2,259
7,157;1,0394;-2,0263;-0,4443;2,32
7,164;1,0971;-2,0554;-0,6163;2,41
7,173;0,9998;-2,0619;-0,6695;2,387
7,18;0,9624;-2,1242;-0,6838;2,43
7,189;0,9645;-2,1434;-0,7739;2,475
7,198;0,9474;-2,1592;-0,8821;2,518
7,206;0,9503;-2,2301;-0,9705;2,611
7,215;0,8372;-2,2383;-1,0374;2,605
7,225;0,8998;-2,2427;-1,0855;2,649
7,237;0,923;-2,2044;-1,1146;2,637
7,245;0,9271;-2,2031;-1,2036;2,676
7,248;0,8539;-2,2173;-1,4273;2,772
7,257;0,8199;-2,2269;-1,4907;2,802
7,264;0,8447;-2,1944;-1,5734;2,829
7,273;0,8112;-2,1785;-1,6745;2,865
7,281;0,8362;-2,1784;-1,6777;2,874
7,29;0,7639;-2,1549;-1,7378;2,872
7,298;0,7698;-2,128;-1,8158;2,901
7,307;0,7565;-2,04;-1,9514;2,923
7,315;0,7239;-2,0469;-2,0453;2,983
7,323;0,7304;-1,9925;-2,1753;3,039
7,332;0,6981;-1,9549;-2,2263;3,044
7,342;0,6082;-1,8956;-2,3135;3,052
7,348;0,616;-1,8527;-2,3797;3,078
7,361;0,6234;-1,7863;-2,3475;3,015
7,365;0,6112;-1,757;-2,4301;3,06
7,374;0,5991;-1,7055;-2,4721;3,062
7,383;0,5676;-1,5938;-2,5693;3,076
7,39;0,5366;-1,5775;-2,6451;3,126
7,4;0,6022;-1,5005;-2,7558;3,195
7,408;0,6088;-1,4407;-2,8056;3,212
7,416;0,5763;-1,3984;-2,969;3,332
7,424;0,5635;-1,335;-2,9925;3,325
7,432;0,5309;-1,2701;-2,9739;3,277
7,441;0,5372;-1,1645;-3,0697;3,327
7,45;0,5237;-1,0776;-3,1031;3,326
7,458;0,529;-1,009;-3,1327;3,333
7,466;0,495;-1,0158;-3,178;3,373
7,475;0,5193;-0,9432;-3,1044;3,286
7,484;0,4852;-0,8688;-3,0501;3,208
7,492;0,4516;-0,7938;-3,0724;3,205
7,507;0,4764;-0,6791;-3,1889;3,295
7,508;0,4812;-0,5837;-3,2626;3,349
7,517;0,4859;-0,5078;-3,275;3,35
7,525;0,4128;-0,4513;-3,323;3,379
7,533;0,4179;-0,3164;-3,2903;3,332
7,542;0,4806;-0,24;-3,3134;3,357
7,55;0,5036;-0,1438;-3,3145;3,356
7,558;0,4875;-0,0664;-3,3131;3,349
7,567;0,4906;0,0102;-3,309;3,345
7,575;0,3968;0,0486;-3,2439;3,268
7,584;0,4201;0,1252;-3,1964;3,226
7,592;0,4236;0,1816;-3,2825;3,315
7,601;0,4077;0,2193;-3,3268;3,359
7,609;0,4306;0,334;-3,3871;3,431
7,617;0,4337;0,4673;-3,3474;3,408
7,63;0,4366;0,5408;-3,3252;3,397
7,634;0,3236;0,6519;-3,5336;3,608
7,658;0,3279;0,7038;-3,6784;3,759
7,659;0,4286;0,7957;-3,4694;3,585
7,66;0,4309;0,8105;-3,2408;3,368
7,668;0,2782;0,8839;-3,0505;3,188
7,676;0,2825;0,9565;-3,0159;3,177
7,684;0,4995;1,0476;-2,8825;3,107
7,692;0,442;1,1349;-2,9592;3,2
7,701;0,4041;1,1819;-3,3402;3,566
7,709;0,4631;1,3054;-3,3835;3,656
7,718;0,521;1,3884;-2,9969;3,344
7,726;0,4618;1,4509;-2,7282;3,124
7,734;0,4617;1,5123;-2,6746;3,107
7,743;0,52;1,6509;-2,7363;3,238
7,751;0,5967;1,7478;-2,6391;3,221
7,76;0,556;1,7251;-2,5795;3,153
7,768;0,2066;1,8567;-2,7518;3,326
7,779;0,4986;2,3547;-1,7287;2,963
7,785;0,4945;2,4021;-1,6534;2,958
7,793;1,1115;2,8904;-0,4097;3,124
7,803;-0,0207;3,1933;0,9309;3,326
7,81;0,7248;3,6896;3,2798;4,99
7,818;1,4506;4,5367;4,1904;6,344
7,827;0,476;4,7865;3,8764;6,178
7,835;0,6775;4,7907;3,7116;6,098
7,843;0,682;4,8307;3,7259;6,139
7,853;0,5506;4,6135;3,2821;5,689
7,86;0,4389;4,3142;2,7572;5,139
7,871;0,463;3,9132;2,355;4,591
7,877;0,2908;3,5288;1,8746;4,006
7,887;0,3542;3,0263;1,3137;3,318
7,894;0,3578;3,0498;1,3236;3,344
7,904;0,3214;2,4436;1,0412;2,676
7,911;-0,2823;1,8183;1,0308;2,109
7,936;0,1528;1,1561;0,9238;1,488
7,938;0,0187;0,3971;1,2132;1,277
7,938;-0,2523;-0,125;1,4646;1,491
7,945;-0,15;-0,349;1,7159;1,757
7,956;-0,145;-0,3153;1,7323;1,767
7,961;0,0172;-0,3196;1,6688;1,699
7,97;-0,094;-0,1659;1,5045;1,517
7,978;0,0701;0,3428;1,4956;1,536
7,986;0,2344;0,8523;1,7816;1,989
7,995;0,2026;1,2813;2,0073;2,39
8,004;0,2101;1,3164;2,0157;2,417
8,011;0,3151;1,7612;2,2004;2,836
8,019;0,4395;2,0471;2,1489;3
8,028;0,3088;2,0355;2,2313;3,036
8,036;0,0217;2,0808;2,4486;3,213
8,045;0,2635;2,0476;2,7651;3,451
8,056;0,1717;1,9936;2,8851;3,511
8,062;0,1782;2,0156;2,8824;3,522
8,07;0,126;1,899;2,6608;3,271
8,079;0,1329;1,6848;2,6141;3,113
8,087;0,1794;1,4702;2,0744;2,549
8,095;-0,0092;1,2549;1,7889;2,185
8,103;0,0957;1,1181;1,5852;1,942
8,112;0,1024;1,1384;1,5799;1,95
8,12;0,1091;1,0805;1,3985;1,771
8,129;0,0179;1,0026;1,4133;1,733
8,137;0,0642;1,0815;1,4065;1,775
8,145;0,1499;1,1798;1,4172;1,85
8,154;0,0983;1,2964;1,3881;1,902
8,162;0,1056;1,3926;1,2985;1,907
8,171;0,1129;1,4097;1,2869;1,912
8,182;0,0415;1,3868;1,2961;1,899
8,187;0,0089;1,3435;1,2674;1,847
8,197;0,1331;1,3006;1,2781;1,828
8,205;0,1201;1,2772;1,2883;1,818
8,213;0,0483;1,2721;1,1011;1,683
8,221;0,0551;1,2858;1,0882;1,685
8,229;0,0424;1,2208;0,7808;1,45
8,238;0,0883;1,1557;0,5917;1,301
8,246;0,0557;1,0321;0,4236;1,117
8,255;0,0621;1,0654;0,4146;1,145
8,263;0,1077;1,1581;0,4659;1,253
8,272;0,0944;1,2505;0,38;1,31
8,28;0,1004;1,2631;0,3721;1,321
8,288;0,1061;1,3728;0,4043;1,435
8,296;0,1117;1,5214;0,3779;1,572
8,305;0,1366;1,61;0,2532;1,635
8,314;0,1219;1,6382;0,109;1,646
8,326;0,146;1,6655;0,0637;1,673
8,331;0,1498;1,6719;0,0589;1,68
8,341;0,1137;1,6184;0,0172;1,622
8,347;0,1162;1,5051;0,0949;1,513
8,355;0,0791;1,274;0,2707;1,305
8,364;0,0226;1,0628;0,4071;1,138
8,372;0,0641;0,7738;0,5033;0,925
8,38;0,0273;0,524;0,4024;0,661
8,389;0,0297;0,5289;0,3996;0,664
8,397;-0,0461;0,3394;0,3397;0,482
8,406;-0,0236;0,2694;0,497;0,566
8,414;-0,001;0,3179;0,7725;0,835
8,423;0,0217;0,4452;1,0479;1,139
8,431;0,0446;0,6311;1,1651;1,326
8,44;0,0481;0,6404;1,1633;1,329
8,451;0,13;0,7079;1,1798;1,382
8,457;0,1725;0,7357;1,1955;1,414
8,464;0,1173;0,7831;1,1904;1,43
8,473;0,0038;0,7525;1,2043;1,42
8,481;-0,0314;0,7611;1,1997;1,421
8,493;0,0116;0,789;1,1368;1,384
8,498;0,0155;0,7973;1,1324;1,385
8,506;0,0781;0,8446;1,1082;1,395
8,515;0,1015;0,8914;1,1224;1,437
8,523;0,1055;0,9189;1,1941;1,51
8,531;0,1099;0,927;1,1469;1,479
8,54;0,075;0,856;1,0013;1,319
8,549;0,0791;0,8626;0,9922;1,317
8,557;0,1809;0,81;0,553;0,997
8,566;0,0472;0,6402;0,3521;0,732
8,574;-0,0656;0,4862;0,7126;0,865
8,586;0,0365;0,5878;1,1268;1,271
8,591;0,099;0,8049;1,1091;1,374
8,599;0,1413;1,1524;0,5655;1,291
8,607;0,1442;1,1442;0,5471;1,276
8,615;0,147;1,2898;0,1023;1,302
8,624;0,2074;1,4728;0,1502;1,495
8,632;0,1695;1,4209;0,4715;1,507
8,64;0,0153;1,2717;0,6545;1,43
8,649;0,0177;1,0463;0,5642;1,189
8,657;0,02;1,0357;0,5508;1,173
8,666;0,0802;0,8503;0,2847;0,9
8,674;0,0234;0,7062;0,1778;0,729
8,683;0,0644;0,643;0,3641;0,742
8,691;0,0084;0,6209;0,5297;0,816
8,7;-0,008;0,7356;0,6358;0,972
8,708;0,0921;0,8298;0,7018;1,091
8,716;0,094;0,8252;0,6888;1,079
8,725;0,134;0,9153;0,6364;1,123
8,734;0,1537;0,8863;0,6026;1,083
8,746;0,1733;0,7992;0,6068;1,018
8,756;0,0959;0,7135;0,6109;0,944
8,758;0,039;0,7067;0,5966;0,926
8,767;0,0407;0,7003;0,5836;0,913
8,775;-0,0157;0,6553;0,687;0,95
8,784;0,0835;0,5333;0,5173;0,748
8,794;0,0651;0,5092;0,3502;0,621
8,8;-0,0112;0,4858;0,4379;0,654
8,81;0,0105;0,5408;0,4085;0,678
8,817;-0,0068;0,4987;0,5735;0,76
8,826;-0,0046;0,4955;0,5619;0,749
8,834;-0,0023;0,5114;0,4333;0,67
8,843;0,0001;0,4692;0,4224;0,631
8,851;0,0409;0,4274;0,5288;0,681
8,86;0,2548;0,4438;0,5376;0,742
8,868;0,0593;0,4199;0,7972;0,903
8,881;0,0599;0,4346;0,7432;0,863
8,885;0,0028;0,4303;0,7279;0,846
8,904;0,1014;0,5422;0,403;0,683
8,906;0,0629;0,4965;0,1981;0,538
8,91;0,0056;0,4325;0,345;0,553
8,918;-0,0123;0,3714;0,5893;0,697
8,927;-0,0104;0,3895;0,5021;0,636
8,935;-0,0082;0,3876;0,492;0,626
8,943;0,0131;0,346;0,0746;0,354
8,951;-0,0428;0,4022;-0,6083;0,731
8,96;0,2511;0,5757;-0,5477;0,833
8,968;0,2702;0,71;-0,08;0,764
8,977;0,1139;0,7452;0,2693;0,801
8,985;0,2102;0,777;0,1692;0,823
8,994;0,2074;0,7658;0,1658;0,811
9,008;0,0298;0,6153;0,3534;0,71
9,016;0,1259;0,3691;0,5157;0,647
9,018;0,0083;0,1264;-0,0025;0,127
9,031;-0,0883;0,0805;-0,0687;0,138
9,04;-0,0091;0,1542;0,1783;0,236
9,044;-0,0084;0,1535;0,1754;0,233
9,054;-0,0081;0,1934;0,3699;0,417
9,06;-0,0273;0,2327;0,3883;0,453
9,071;-0,0653;0,2327;0,212;0,322
