time,wx,wy,wz
1.062,0.3,0.98,-0.87
1.067,0.3,0.97,-0.9
1.072,0.34,1.02,-0.91
1.077,0.38,1.08,-0.92
1.082,0.39,1.1,-0.94
1.088,0.37,1.08,-0.97
1.093,0.33,1.07,-1
1.098,0.28,1.1,-1.03
1.103,0.24,1.15,-1.04
1.108,0.23,1.17,-1.06
1.113,0.23,1.17,-1.08
1.118,0.26,1.17,-1.09
1.126,0.3,1.19,-1.1
1.128,0.33,1.19,-1.1
1.134,0.33,1.24,-1.13
1.143,0.33,1.28,-1.14
1.144,0.32,1.29,-1.16
1.149,0.29,1.3,-1.17
1.154,0.26,1.31,-1.18
1.158,0.23,1.34,-1.19
1.163,0.23,1.37,-1.2
1.168,0.24,1.39,-1.23
1.173,0.25,1.4,-1.24
1.178,0.28,1.42,-1.25
1.185,0.28,1.47,-1.28
1.188,0.25,1.56,-1.29
1.193,0.2,1.56,-1.29
1.199,0.2,1.54,-1.31
1.203,0.14,1.45,-1.33
1.209,0.1,1.39,-1.34
1.213,0.09,1.38,-1.31
1.218,0.11,1.39,-1.27
1.224,0.15,1.38,-1.28
1.229,0.22,1.35,-1.31
1.235,0.25,1.37,-1.34
1.239,0.24,1.44,-1.35
1.244,0.22,1.5,-1.35
1.259,0.16,1.53,-1.34
1.26,0.09,1.55,-1.35
1.26,0.01,1.55,-1.35
1.264,0.01,1.56,-1.35
1.274,-0.03,1.56,-1.35
1.275,-0.03,1.55,-1.35
1.279,-0.01,1.53,-1.34
1.284,0.02,1.5,-1.33
1.289,0.06,1.47,-1.34
1.294,0.08,1.46,-1.34
1.299,0.07,1.47,-1.31
1.304,0.03,1.47,-1.31
1.309,-0.01,1.47,-1.32
1.314,-0.06,1.47,-1.31
1.319,-0.08,1.51,-1.31
1.324,-0.1,1.51,-1.29
1.329,-0.09,1.56,-1.29
1.335,-0.09,1.55,-1.27
1.339,-0.08,1.53,-1.26
1.344,-0.08,1.52,-1.26
1.35,-0.08,1.5,-1.25
1.354,-0.09,1.49,-1.24
1.359,-0.12,1.49,-1.25
1.364,-0.14,1.49,-1.24
1.369,-0.16,1.48,-1.19
1.374,-0.18,1.48,-1.16
1.385,-0.18,1.46,-1.15
1.386,-0.18,1.44,-1.15
1.39,-0.19,1.45,-1.14
1.396,-0.19,1.45,-1.14
1.401,-0.19,1.45,-1.12
1.405,-0.2,1.44,-1.09
1.41,-0.21,1.43,-1.07
1.415,-0.22,1.41,-1.06
1.42,-0.23,1.41,-1.03
1.425,-0.24,1.4,-1
1.431,-0.25,1.37,-0.97
1.435,-0.25,1.38,-0.99
1.44,-0.23,1.37,-0.99
1.445,-0.24,1.3,-0.92
1.45,-0.26,1.34,-0.86
1.455,-0.29,1.35,-0.86
1.461,-0.3,1.35,-0.86
1.465,-0.3,1.31,-0.86
1.47,-0.31,1.28,-0.84
1.475,-0.32,1.3,-0.82
1.48,-0.32,1.28,-0.77
1.486,-0.31,1.27,-0.74
1.491,-0.31,1.26,-0.71
1.496,-0.31,1.23,-0.7
1.501,-0.31,1.22,-0.68
1.506,-0.32,1.25,-0.66
1.519,-0.33,1.23,-0.64
1.52,-0.33,1.2,-0.6
1.521,-0.34,1.19,-0.57
1.532,-0.36,1.19,-0.57
1.533,-0.36,1.19,-0.54
1.536,-0.37,1.19,-0.53
1.542,-0.37,1.17,-0.5
1.546,-0.38,1.17,-0.47
1.552,-0.37,1.15,-0.44
1.556,-0.35,1.12,-0.38
1.561,-0.31,1.12,-0.32
1.566,-0.29,1.12,-0.3
1.571,-0.25,1.03,-0.29
1.576,-0.2,0.96,-0.31
1.581,-0.16,0.94,-0.28
1.586,-0.14,0.9,-0.24
1.591,-0.14,0.9,-0.19
1.597,-0.19,0.88,-0.19
1.602,-0.19,0.88,-0.15
1.608,-0.28,0.82,-0.14
1.612,-0.36,0.72,-0.13
1.616,-0.41,0.65,-0.12
1.624,-0.4,0.65,-0.07
1.626,-0.34,0.69,-0.01
1.632,-0.28,0.67,0.02
1.637,-0.23,0.59,0.02
1.642,-0.21,0.48,0.05
1.647,-0.22,0.45,0.08
1.652,-0.26,0.53,0.12
1.662,-0.3,0.53,0.14
1.663,-0.31,0.58,0.14
1.668,-0.31,0.49,0.16
1.678,-0.3,0.44,0.19
1.678,-0.25,0.47,0.21
1.682,-0.19,0.51,0.24
1.688,-0.13,0.51,0.27
1.692,-0.09,0.44,0.29
1.697,-0.08,0.37,0.32
1.703,-0.08,0.33,0.36
1.707,-0.09,0.38,0.37
1.712,-0.09,0.41,0.39
1.717,-0.08,0.33,0.41
1.722,-0.05,0.22,0.43
1.727,-0.05,0.22,0.43
1.732,-0.05,0.19,0.45
1.737,-0.08,0.2,0.49
1.742,-0.14,0.18,0.53
1.747,-0.19,0.12,0.52
1.753,-0.23,0.05,0.52
1.757,-0.23,0.01,0.55
1.762,-0.19,0.02,0.59
1.768,-0.16,0.02,0.62
1.773,-0.14,-0.04,0.64
1.778,-0.11,-0.09,0.65
1.783,-0.07,-0.12,0.67
1.788,-0.05,-0.14,0.7
1.793,-0.03,-0.14,0.7
1.798,-0.03,-0.15,0.72
1.807,0,-0.22,0.75
1.808,0,-0.26,0.77
1.814,-0.01,-0.24,0.78
1.823,-0.04,-0.24,0.79
1.824,-0.07,-0.25,0.81
1.828,-0.09,-0.29,0.82
1.834,-0.1,-0.34,0.84
1.838,-0.08,-0.35,0.88
1.843,-0.05,-0.37,0.9
1.848,-0.01,-0.39,0.9
1.853,0.03,-0.42,0.91
1.858,0.06,-0.42,0.91
1.863,0.06,-0.45,0.92
1.868,0.08,-0.48,0.95
1.873,0.07,-0.53,0.97
1.878,0.05,-0.57,0.98
1.883,0.02,-0.58,0.99
1.888,-0.02,-0.6,1
1.894,-0.05,-0.63,1.01
1.899,-0.09,-0.67,1.02
1.904,-0.11,-0.7,1.03
1.909,-0.09,-0.72,1.04
1.914,-0.08,-0.75,1.06
1.919,-0.04,-0.78,1.08
1.924,-0.01,-0.78,1.09
1.929,0.01,-0.83,1.09
1.936,0.01,-0.85,1.1
1.939,0.01,-0.83,1.1
1.944,0.02,-0.83,1.12
1.951,-0.02,-0.86,1.13
1.954,-0.04,-0.91,1.13
1.959,-0.06,-0.92,1.13
1.964,-0.07,-0.91,1.14
1.969,-0.07,-0.92,1.15
1.974,-0.06,-0.97,1.15
1.979,-0.03,-1.02,1.16
1.984,-0.03,-1.03,1.17
1.989,-0.04,-1.03,1.17
1.995,-0.05,-1.04,1.17
1.999,-0.05,-1.06,1.17
2.005,-0.07,-1.09,1.17
2.009,-0.09,-1.13,1.18
2.014,-0.11,-1.14,1.19
2.019,-0.13,-1.16,1.2
2.024,-0.14,-1.18,1.2
2.029,-0.14,-1.22,1.19
2.034,-0.14,-1.24,1.17
2.04,-0.13,-1.25,1.17
2.045,-0.12,-1.27,1.17
2.049,-0.13,-1.3,1.17
2.055,-0.14,-1.33,1.17
2.066,-0.14,-1.33,1.17
2.066,-0.14,-1.35,1.16
2.07,-0.14,-1.38,1.16
2.086,-0.15,-1.39,1.16
2.086,-0.16,-1.41,1.14
2.086,-0.18,-1.42,1.12
2.09,-0.18,-1.42,1.1
2.095,-0.18,-1.42,1.09
2.1,-0.19,-1.42,1.08
2.105,-0.19,-1.43,1.08
2.11,-0.2,-1.44,1.08
2.115,-0.2,-1.43,1.07
2.12,-0.22,-1.43,1.06
2.125,-0.23,-1.43,1.06
2.13,-0.23,-1.43,1.03
2.136,-0.23,-1.42,1.01
2.141,-0.23,-1.43,1
2.145,-0.24,-1.43,0.99
2.15,-0.25,-1.43,0.98
2.157,-0.26,-1.46,0.96
2.16,-0.27,-1.47,0.93
2.165,-0.28,-1.48,0.91
2.17,-0.29,-1.49,0.89
2.176,-0.28,-1.5,0.88
2.18,-0.28,-1.52,0.87
2.185,-0.27,-1.52,0.86
2.195,-0.26,-1.52,0.86
2.196,-0.26,-1.52,0.83
2.202,-0.27,-1.51,0.8
2.214,-0.28,-1.51,0.78
2.215,-0.3,-1.53,0.75
2.216,-0.31,-1.54,0.73
2.22,-0.31,-1.53,0.72
2.226,-0.32,-1.52,0.71
2.231,-0.32,-1.54,0.67
2.236,-0.31,-1.55,0.65
2.241,-0.3,-1.54,0.62
2.246,-0.29,-1.53,0.59
2.251,-0.3,-1.53,0.57
2.256,-0.29,-1.53,0.55
2.261,-0.3,-1.53,0.55
2.266,-0.3,-1.54,0.53
2.271,-0.3,-1.52,0.51
2.276,-0.3,-1.5,0.47
2.281,-0.3,-1.49,0.44
2.286,-0.3,-1.48,0.41
2.291,-0.3,-1.47,0.39
2.296,-0.31,-1.45,0.37
2.302,-0.32,-1.43,0.34
2.307,-0.32,-1.41,0.32
2.312,-0.33,-1.4,0.29
2.316,-0.33,-1.38,0.25
2.322,-0.33,-1.38,0.22
2.327,-0.33,-1.37,0.22
2.332,-0.33,-1.36,0.2
2.343,-0.32,-1.36,0.18
2.344,-0.31,-1.36,0.15
2.349,-0.3,-1.36,0.12
2.368,-0.28,-1.35,0.1
2.369,-0.27,-1.34,0.07
2.369,-0.27,-1.31,0.05
2.37,-0.26,-1.29,0.02
2.372,-0.25,-1.27,0
2.377,-0.25,-1.27,-0.03
2.383,-0.24,-1.27,-0.07
2.387,-0.24,-1.25,-0.1
2.392,-0.24,-1.25,-0.1
2.397,-0.24,-1.22,-0.13
2.402,-0.24,-1.2,-0.16
2.408,-0.24,-1.2,-0.19
2.412,-0.23,-1.19,-0.22
2.417,-0.22,-1.17,-0.24
2.422,-0.21,-1.14,-0.25
2.428,-0.2,-1.13,-0.27
2.433,-0.2,-1.14,-0.3
2.437,-0.19,-1.15,-0.33
2.442,-0.18,-1.09,-0.36
2.449,-0.14,-1.02,-0.37
2.452,-0.09,-0.99,-0.39
2.458,-0.05,-0.99,-0.39
2.463,-0.05,-0.99,-0.4
2.467,-0.04,-0.97,-0.43
2.472,-0.06,-0.9,-0.46
2.478,-0.1,-0.85,-0.48
2.489,-0.13,-0.82,-0.51
2.49,-0.15,-0.82,-0.53
2.493,-0.16,-0.81,-0.55
2.513,-0.13,-0.79,-0.57
2.514,-0.08,-0.76,-0.57
2.515,-0.03,-0.76,-0.59
2.515,0.02,-0.76,-0.62
2.518,0.05,-0.74,-0.63
2.523,0.05,-0.74,-0.63
2.528,0.05,-0.7,-0.65
2.533,0.03,-0.65,-0.67
2.538,0,-0.62,-0.7
2.543,-0.03,-0.59,-0.72
2.548,-0.03,-0.56,-0.74
2.553,-0.01,-0.51,-0.75
2.559,0.02,-0.47,-0.77
2.563,0.04,-0.45,-0.78
2.569,0.06,-0.45,-0.8
2.574,0.08,-0.44,-0.82
2.578,0.08,-0.42,-0.82
2.583,0.07,-0.39,-0.83
2.589,0.07,-0.39,-0.85
2.594,0.08,-0.37,-0.85
2.599,0.08,-0.35,-0.86
2.604,0.09,-0.31,-0.89
2.61,0.11,-0.26,-0.88
2.614,0.13,-0.23,-0.9
2.619,0.13,-0.19,-0.91
2.624,0.12,-0.16,-0.92
2.634,0.12,-0.14,-0.94
2.635,0.11,-0.1,-0.94
2.64,0.1,-0.08,-0.95
2.654,0.11,-0.08,-0.97
2.655,0.11,-0.06,-0.98
2.655,0.14,-0.03,-0.99
2.663,0.15,-0.03,-0.99
2.664,0.15,0.01,-0.99
2.669,0.18,0.04,-0.99
2.678,0.17,0.08,-1
2.68,0.17,0.11,-1.01
2.684,0.16,0.15,-1.02
2.689,0.14,0.19,-1.04
2.694,0.13,0.22,-1.04
2.699,0.12,0.25,-1.04
2.705,0.13,0.28,-1.05
2.71,0.14,0.29,-1.06
2.715,0.15,0.31,-1.06
2.72,0.17,0.33,-1.07
2.724,0.17,0.33,-1.07
2.73,0.17,0.35,-1.06
2.735,0.15,0.38,-1.06
2.74,0.15,0.41,-1.07
2.745,0.13,0.44,-1.07
2.75,0.12,0.48,-1.08
2.755,0.11,0.51,-1.08
2.76,0.11,0.54,-1.07
2.765,0.11,0.57,-1.07
2.77,0.12,0.59,-1.08
2.78,0.12,0.61,-1.08
2.782,0.11,0.63,-1.08
2.786,0.1,0.66,-1.08
2.805,0.09,0.66,-1.08
2.806,0.09,0.67,-1.07
2.806,0.09,0.69,-1.07
2.807,0.07,0.72,-1.07
2.81,0.06,0.74,-1.06
2.815,0.05,0.77,-1.05
2.821,0.05,0.8,-1.05
2.825,0.04,0.83,-1.05
2.83,0.03,0.85,-1.05
2.836,0.02,0.87,-1.04
2.84,0.01,0.89,-1.02
2.845,0.01,0.9,-1.01
2.85,-0.01,0.92,-1.01
2.855,-0.02,0.92,-1
2.861,-0.02,0.94,-1
2.865,-0.02,0.98,-0.99
2.87,-0.03,1.01,-0.98
2.875,-0.04,1.02,-0.98
2.881,-0.05,1.03,-0.97
2.894,-0.06,1.05,-0.96
2.895,-0.08,1.09,-0.94
2.897,-0.1,1.12,-0.94
2.9,-0.12,1.13,-0.91
2.917,-0.13,1.15,-0.9
2.918,-0.15,1.17,-0.89
2.919,-0.16,1.23,-0.88
2.921,-0.14,1.23,-0.86
2.925,-0.1,1.28,-0.86
2.931,-0.1,1.27,-0.83
2.936,-0.05,1.26,-0.83
2.941,-0.03,1.23,-0.83
2.946,-0.08,1.21,-0.82
2.951,-0.15,1.23,-0.81
2.956,-0.24,1.22,-0.77
2.962,-0.31,1.2,-0.73
2.968,-0.35,1.2,-0.72
2.971,-0.34,1.24,-0.72
2.976,-0.3,1.3,-0.69
2.981,-0.26,1.37,-0.67
2.987,-0.23,1.38,-0.64
2.991,-0.21,1.38,-0.64
2.996,-0.21,1.35,-0.61
3.001,-0.25,1.39,-0.61
3.006,-0.28,1.43,-0.6
3.012,-0.32,1.46,-0.57
3.023,-0.35,1.42,-0.55
3.024,-0.38,1.36,-0.54
3.028,-0.38,1.36,-0.49
3.048,-0.37,1.39,-0.45
3.049,-0.36,1.4,-0.44
3.05,-0.35,1.37,-0.41
3.05,-0.37,1.36,-0.39
3.052,-0.39,1.4,-0.38
3.057,-0.41,1.4,-0.38
3.063,-0.41,1.44,-0.35
3.068,-0.43,1.47,-0.31
3.072,-0.44,1.46,-0.3
3.077,-0.43,1.47,-0.27
3.082,-0.42,1.48,-0.23
3.087,-0.41,1.48,-0.22
3.092,-0.39,1.47,-0.19
3.097,-0.41,1.46,-0.17
3.102,-0.43,1.46,-0.15
3.107,-0.46,1.44,-0.12
3.113,-0.47,1.45,-0.06
3.117,-0.48,1.45,-0.03
3.122,-0.48,1.45,-0.03
3.129,-0.48,1.43,-0.01
3.133,-0.47,1.43,0.01
3.138,-0.46,1.43,0.02
3.144,-0.44,1.44,0.06
3.148,-0.44,1.44,0.1
3.153,-0.46,1.42,0.12
3.158,-0.46,1.42,0.15
3.169,-0.47,1.42,0.17
3.17,-0.47,1.42,0.19
3.172,-0.47,1.42,0.22
3.196,-0.46,1.4,0.25
3.197,-0.45,1.38,0.27
3.197,-0.43,1.38,0.3
3.198,-0.43,1.39,0.3
3.198,-0.43,1.39,0.33
3.203,-0.43,1.37,0.35
3.208,-0.43,1.36,0.37
3.213,-0.43,1.36,0.4
3.218,-0.41,1.38,0.37
3.223,-0.4,1.32,0.41
3.228,-0.41,1.29,0.5
3.233,-0.44,1.32,0.52
3.238,-0.45,1.31,0.51
3.243,-0.46,1.27,0.51
3.248,-0.45,1.26,0.53
3.253,-0.44,1.26,0.55
3.259,-0.42,1.26,0.55
3.264,-0.42,1.26,0.6
3.269,-0.4,1.23,0.64
3.275,-0.39,1.21,0.65
3.279,-0.39,1.18,0.66
3.284,-0.39,1.19,0.67
3.289,-0.41,1.19,0.69
3.294,-0.41,1.16,0.71
3.298,-0.39,1.13,0.74
3.303,-0.39,1.12,0.76
3.315,-0.39,1.1,0.77
3.316,-0.36,1.1,0.77
3.319,-0.35,1.1,0.78
3.342,-0.35,1.1,0.78
3.343,-0.35,1.08,0.8
3.343,-0.33,1.06,0.82
3.344,-0.34,1.04,0.84
3.344,-0.35,1.03,0.86
3.348,-0.36,1.01,0.89
3.355,-0.35,1,0.9
3.36,-0.35,0.98,0.92
3.364,-0.33,0.95,0.93
3.369,-0.3,0.93,0.93
3.374,-0.26,0.93,0.95
3.379,-0.24,0.9,0.96
3.384,-0.23,0.83,0.96
3.389,-0.21,0.83,0.96
3.394,-0.21,0.73,0.94
3.399,-0.19,0.74,0.96
3.415,-0.19,0.75,0.99
3.416,-0.18,0.67,0.99
3.417,-0.19,0.56,0.99
3.436,-0.22,0.51,0.99
3.437,-0.27,0.53,1
3.438,-0.3,0.58,1.01
3.438,-0.33,0.54,0.99
3.44,-0.34,0.43,0.99
3.445,-0.32,0.38,1.03
3.449,-0.27,0.45,1.05
3.455,-0.2,0.45,1.05
3.46,-0.2,0.5,1.05
3.465,-0.14,0.46,1.03
3.47,-0.1,0.4,1.01
3.475,-0.09,0.37,1.02
3.48,-0.11,0.39,1.04
3.485,-0.15,0.38,1.04
3.491,-0.19,0.32,1.04
3.495,-0.23,0.24,1.03
3.502,-0.25,0.2,1.02
3.505,-0.24,0.21,1.02
3.51,-0.2,0.21,1.03
3.516,-0.15,0.15,1.02
3.521,-0.12,0.15,1.02
3.525,-0.11,0.09,1.02
3.53,-0.11,0.06,1.02
3.539,-0.11,0.04,1.01
3.54,-0.13,0.04,1
3.545,-0.15,-0.01,0.99
3.566,-0.17,-0.05,0.99
3.567,-0.2,-0.06,0.99
3.567,-0.21,-0.05,0.98
3.567,-0.19,-0.07,0.97
3.572,-0.19,-0.1,0.95
3.578,-0.18,-0.17,0.94
3.58,-0.17,-0.2,0.94
3.585,-0.15,-0.22,0.94
3.59,-0.15,-0.22,0.94
3.595,-0.15,-0.25,0.93
3.601,-0.14,-0.3,0.91
3.605,-0.15,-0.34,0.9
3.61,-0.16,-0.36,0.88
3.616,-0.17,-0.38,0.88
3.62,-0.17,-0.39,0.87
3.626,-0.18,-0.41,0.85
3.632,-0.19,-0.43,0.84
3.636,-0.18,-0.44,0.82
3.641,-0.19,-0.46,0.81
3.647,-0.18,-0.48,0.8
3.651,-0.19,-0.53,0.78
3.656,-0.19,-0.53,0.78
3.662,-0.19,-0.57,0.76
3.666,-0.2,-0.6,0.75
3.671,-0.19,-0.63,0.73
3.676,-0.19,-0.66,0.72
3.692,-0.19,-0.7,0.71
3.693,-0.19,-0.72,0.69
3.694,-0.18,-0.72,0.67
3.714,-0.19,-0.74,0.65
3.715,-0.2,-0.77,0.63
3.716,-0.19,-0.79,0.61
3.716,-0.2,-0.81,0.58
3.717,-0.21,-0.82,0.56
3.721,-0.22,-0.82,0.56
3.728,-0.22,-0.85,0.54
3.731,-0.23,-0.88,0.52
3.736,-0.24,-0.9,0.5
3.741,-0.24,-0.92,0.49
3.746,-0.24,-0.93,0.46
3.752,-0.23,-0.95,0.44
3.757,-0.23,-0.99,0.41
3.761,-0.24,-1.01,0.39
3.767,-0.24,-1.04,0.38
3.771,-0.24,-1.05,0.34
3.776,-0.24,-1.07,0.32
3.782,-0.24,-1.09,0.3
3.787,-0.23,-1.09,0.27
3.794,-0.23,-1.12,0.27
3.797,-0.23,-1.15,0.25
3.802,-0.24,-1.18,0.23
3.807,-0.24,-1.21,0.2
3.812,-0.25,-1.23,0.17
3.817,-0.27,-1.26,0.15
3.822,-0.27,-1.28,0.13
3.832,-0.25,-1.29,0.1
3.833,-0.23,-1.29,0.07
3.859,-0.22,-1.3,0.03
3.859,-0.21,-1.3,0
3.86,-0.21,-1.3,-0.01
3.86,-0.22,-1.3,-0.03
3.861,-0.23,-1.32,-0.03
3.862,-0.23,-1.34,-0.05
3.868,-0.24,-1.32,-0.09
3.874,-0.25,-1.32,-0.13
3.878,-0.25,-1.32,-0.18
3.882,-0.24,-1.31,-0.21
3.887,-0.24,-1.31,-0.23
3.893,-0.24,-1.32,-0.25
3.898,-0.25,-1.33,-0.27
3.903,-0.25,-1.35,-0.29
3.908,-0.25,-1.36,-0.33
3.913,-0.25,-1.37,-0.36
3.918,-0.23,-1.38,-0.38
3.923,-0.22,-1.38,-0.38
3.928,-0.22,-1.4,-0.4
3.933,-0.2,-1.42,-0.42
3.938,-0.17,-1.42,-0.44
3.943,-0.16,-1.42,-0.47
3.948,-0.14,-1.41,-0.5
3.954,-0.14,-1.41,-0.53
3.958,-0.15,-1.41,-0.55
3.963,-0.16,-1.42,-0.57
3.969,-0.16,-1.42,-0.6
3.973,-0.16,-1.43,-0.63
3.978,-0.15,-1.43,-0.64
3.984,-0.13,-1.42,-0.67
3.995,-0.1,-1.42,-0.67
3.996,-0.1,-1.43,-0.69
4.009,-0.09,-1.43,-0.71
4.009,-0.07,-1.44,-0.72
4.01,-0.07,-1.43,-0.74
4.02,-0.06,-1.43,-0.76
4.021,-0.06,-1.43,-0.79
4.024,-0.06,-1.43,-0.81
4.029,-0.05,-1.42,-0.83
4.035,-0.03,-1.42,-0.84
4.039,-0.01,-1.43,-0.86
4.043,0.01,-1.42,-0.89
4.049,0.03,-1.41,-0.9
4.054,0.05,-1.41,-0.9
4.059,0.05,-1.4,-0.91
4.064,0.05,-1.39,-0.92
4.069,0.05,-1.38,-0.94
4.074,0.04,-1.35,-0.95
4.079,0.04,-1.34,-0.97
4.085,0.03,-1.31,-0.99
4.089,0.02,-1.28,-1
4.095,0.03,-1.26,-1.01
4.107,0.05,-1.24,-1.03
4.108,0.06,-1.23,-1.05
4.11,0.08,-1.23,-1.05
4.115,0.09,-1.24,-1.06
4.128,0.1,-1.24,-1.06
4.129,0.11,-1.24,-1.06
4.129,0.11,-1.23,-1.08
4.136,0.13,-1.23,-1.08
4.139,0.14,-1.21,-1.09
4.145,0.15,-1.19,-1.1
4.149,0.16,-1.16,-1.1
4.155,0.16,-1.14,-1.1
4.16,0.17,-1.12,-1.11
4.165,0.17,-1.1,-1.12
4.17,0.18,-1.09,-1.12
4.175,0.18,-1.05,-1.12
4.181,0.18,-1.03,-1.13
4.185,0.19,-1.03,-1.13
4.19,0.21,-1.03,-1.13
4.195,0.21,-1.02,-1.14
4.2,0.21,-1.01,-1.14
4.205,0.23,-0.99,-1.13
4.21,0.23,-0.97,-1.13
4.215,0.23,-0.94,-1.14
4.221,0.23,-0.93,-1.14
4.225,0.24,-0.91,-1.13
4.23,0.23,-0.89,-1.13
4.235,0.24,-0.88,-1.13
4.24,0.24,-0.86,-1.12
4.256,0.24,-0.83,-1.12
4.257,0.25,-0.81,-1.12
4.258,0.24,-0.81,-1.12
4.261,0.24,-0.8,-1.12
4.282,0.24,-0.79,-1.11
4.283,0.24,-0.76,-1.11
4.283,0.23,-0.75,-1.09
4.283,0.22,-0.73,-1.09
4.285,0.21,-0.73,-1.09
4.29,0.18,-0.72,-1.1
4.295,0.17,-0.69,-1.09
4.3,0.2,-0.62,-1.07
4.305,0.24,-0.58,-1.05
4.311,0.28,-0.55,-1.04
4.316,0.3,-0.52,-1.03
4.321,0.3,-0.52,-1.03
4.326,0.3,-0.48,-1.02
4.331,0.27,-0.42,-1.02
4.336,0.23,-0.39,-1.01
4.341,0.2,-0.4,-1
4.346,0.17,-0.41,-0.99
4.351,0.17,-0.4,-0.96
4.356,0.19,-0.37,-0.95
4.361,0.2,-0.32,-0.94
4.366,0.23,-0.3,-0.92
4.372,0.24,-0.3,-0.91
4.383,0.26,-0.31,-0.9
4.384,0.24,-0.27,-0.89
4.386,0.19,-0.27,-0.89
4.408,0.19,-0.2,-0.87
4.409,0.15,-0.16,-0.85
4.41,0.11,-0.14,-0.85
4.41,0.09,-0.12,-0.84
4.411,0.11,-0.08,-0.81
4.417,0.13,-0.04,-0.79
4.422,0.16,-0.03,-0.77
4.426,0.17,-0.04,-0.76
4.432,0.16,-0.03,-0.74
4.436,0.13,0.01,-0.73
4.442,0.09,0.04,-0.72
4.447,0.05,0.06,-0.71
4.451,0.01,0.06,-0.68
4.457,0,0.08,-0.68
4.462,0,0.12,-0.65
4.467,0,0.17,-0.64
4.473,0.04,0.22,-0.62
4.477,0.06,0.24,-0.59
4.482,0.06,0.25,-0.58
4.487,0.05,0.28,-0.56
4.492,0.01,0.31,-0.53
4.497,-0.03,0.32,-0.51
4.502,-0.06,0.32,-0.49
4.512,-0.09,0.34,-0.47
4.514,-0.1,0.37,-0.45
4.519,-0.09,0.37,-0.43
4.541,-0.09,0.41,-0.43
4.542,-0.09,0.43,-0.41
4.543,-0.09,0.46,-0.38
4.543,-0.09,0.5,-0.36
4.544,-0.1,0.53,-0.34
4.547,-0.12,0.55,-0.31
4.553,-0.15,0.58,-0.3
4.557,-0.18,0.58,-0.28
4.562,-0.19,0.6,-0.25
4.567,-0.2,0.63,-0.23
4.573,-0.21,0.64,-0.2
4.577,-0.21,0.67,-0.17
4.583,-0.22,0.69,-0.14
4.588,-0.23,0.69,-0.14
4.593,-0.23,0.71,-0.12
4.598,-0.24,0.73,-0.09
4.603,-0.25,0.76,-0.06
4.608,-0.26,0.78,-0.04
4.613,-0.27,0.8,-0.02
4.619,-0.28,0.82,0.01
4.623,-0.3,0.84,0.04
4.628,-0.31,0.86,0.07
4.634,-0.32,0.88,0.09
4.638,-0.34,0.9,0.11
4.643,-0.35,0.93,0.13
4.648,-0.36,0.95,0.15
4.653,-0.37,0.95,0.15
4.658,-0.37,0.97,0.19
4.663,-0.39,0.99,0.21
4.674,-0.4,1.01,0.24
4.676,-0.41,1.07,0.26
4.68,-0.39,1.1,0.3
4.699,-0.34,1.07,0.34
4.7,-0.27,1.04,0.35
4.701,-0.21,1.05,0.38
4.701,-0.16,1.13,0.42
4.703,-0.18,1.18,0.43
4.709,-0.27,1.14,0.42
4.713,-0.4,1.09,0.44
4.719,-0.52,1.09,0.44
4.724,-0.52,1.09,0.47
4.728,-0.6,1.12,0.52
4.734,-0.61,1.12,0.55
4.739,-0.56,1.11,0.56
4.744,-0.49,1.14,0.58
4.749,-0.42,1.16,0.61
4.754,-0.36,1.18,0.64
4.759,-0.34,1.21,0.67
4.764,-0.37,1.24,0.68
4.769,-0.4,1.29,0.71
4.775,-0.45,1.31,0.72
4.78,-0.5,1.28,0.73
4.784,-0.51,1.28,0.76
4.789,-0.5,1.26,0.76
4.794,-0.5,1.26,0.8
4.805,-0.47,1.27,0.82
4.809,-0.42,1.26,0.84
4.81,-0.4,1.23,0.85
4.825,-0.39,1.22,0.88
4.826,-0.4,1.26,0.9
4.826,-0.44,1.27,0.92
4.834,-0.47,1.29,0.94
4.835,-0.49,1.31,0.95
4.839,-0.48,1.33,0.98
4.845,-0.46,1.35,0.99
4.849,-0.42,1.35,1
4.854,-0.36,1.36,1
4.859,-0.36,1.34,1.02
4.865,-0.34,1.33,1.05
4.87,-0.34,1.32,1.06
4.875,-0.37,1.31,1.07
4.88,-0.39,1.29,1.07
4.885,-0.41,1.28,1.08
4.89,-0.44,1.27,1.1
4.895,-0.43,1.28,1.12
4.9,-0.42,1.28,1.12
4.905,-0.39,1.3,1.14
4.911,-0.35,1.32,1.15
4.915,-0.31,1.33,1.16
4.92,-0.28,1.33,1.16
4.927,-0.28,1.32,1.16
4.93,-0.28,1.31,1.17
4.935,-0.29,1.3,1.18
4.94,-0.3,1.29,1.19
4.95,-0.31,1.27,1.19
4.951,-0.32,1.26,1.19
4.956,-0.33,1.25,1.2
4.974,-0.32,1.25,1.22
4.975,-0.29,1.24,1.22
4.975,-0.26,1.22,1.22
4.976,-0.24,1.21,1.22
4.98,-0.22,1.21,1.21
4.986,-0.22,1.21,1.21
4.99,-0.22,1.21,1.21
4.995,-0.23,1.2,1.22
5,-0.22,1.19,1.22
5.006,-0.22,1.21,1.18
5.011,-0.2,1.17,1.15
5.015,-0.18,1.1,1.22
5.02,-0.18,1.16,1.27
5.027,-0.17,1.19,1.22
5.031,-0.18,1.14,1.17
5.036,-0.18,1.09,1.15
5.041,-0.18,1.1,1.16
5.046,-0.18,1.11,1.18
5.051,-0.17,1.11,1.19
5.065,-0.15,1.09,1.19
5.067,-0.15,1.06,1.16
5.067,-0.14,1.03,1.14
5.086,-0.14,1.04,1.14
5.087,-0.13,1.05,1.13
5.088,-0.13,1.02,1.11
5.088,-0.14,0.98,1.1
5.091,-0.12,0.97,1.11
5.096,-0.12,0.96,1.1
5.101,-0.1,0.94,1.09
5.107,-0.09,0.93,1.06
5.112,-0.09,0.91,1.04
5.116,-0.08,0.91,1.03
5.121,-0.08,0.89,1.03
5.127,-0.08,0.87,1.01
5.131,-0.08,0.86,1
5.137,-0.08,0.84,0.99
5.142,-0.08,0.83,0.98
5.146,-0.08,0.82,0.96
5.151,-0.08,0.8,0.93
5.157,-0.09,0.78,0.92
5.161,-0.1,0.77,0.89
5.166,-0.11,0.74,0.88
5.172,-0.11,0.73,0.86
5.177,-0.11,0.71,0.84
5.182,-0.11,0.68,0.81
5.192,-0.1,0.68,0.81
5.193,-0.1,0.66,0.78
5.197,-0.08,0.63,0.77
5.218,-0.06,0.6,0.74
5.219,-0.04,0.58,0.72
5.22,-0.03,0.56,0.71
5.22,-0.02,0.54,0.7
5.222,-0.03,0.49,0.68
5.228,-0.04,0.45,0.66
5.234,-0.05,0.4,0.64
5.238,-0.06,0.36,0.6
5.242,-0.05,0.33,0.58
5.247,-0.04,0.29,0.56
5.252,0,0.29,0.56
5.257,0,0.25,0.54
5.262,0.04,0.25,0.52
5.267,0.05,0.24,0.5
5.272,0.03,0.22,0.48
5.278,0.01,0.21,0.44
5.283,-0.02,0.19,0.4
5.287,-0.05,0.18,0.39
5.293,-0.07,0.17,0.36
5.3,-0.07,0.15,0.34
5.302,-0.06,0.13,0.32
5.308,-0.04,0.08,0.29
5.315,-0.03,0.04,0.27
5.319,-0.02,0.04,0.27
5.322,-0.02,0.03,0.23
5.329,-0.03,-0.01,0.21
5.339,-0.03,-0.04,0.19
5.339,-0.04,-0.08,0.17
5.344,-0.05,-0.1,0.13
5.363,-0.04,-0.12,0.11
5.364,-0.05,-0.14,0.08
5.364,-0.03,-0.15,0.06
5.365,-0.03,-0.18,0.04
5.367,-0.04,-0.2,0.01
5.372,-0.05,-0.22,-0.01
5.379,-0.07,-0.24,-0.05
5.383,-0.08,-0.24,-0.07
5.388,-0.08,-0.26,-0.07
5.394,-0.08,-0.3,-0.11
5.398,-0.08,-0.32,-0.13
5.403,-0.08,-0.35,-0.16
5.408,-0.07,-0.38,-0.19
5.413,-0.06,-0.4,-0.21
5.418,-0.06,-0.43,-0.25
5.423,-0.06,-0.46,-0.27
5.429,-0.06,-0.47,-0.29
5.433,-0.07,-0.49,-0.32
5.438,-0.08,-0.51,-0.35
5.443,-0.08,-0.53,-0.37
5.448,-0.08,-0.53,-0.4
5.453,-0.07,-0.55,-0.4
5.46,-0.07,-0.57,-0.43
5.463,-0.06,-0.58,-0.45
5.469,-0.06,-0.61,-0.47
5.473,-0.05,-0.63,-0.5
5.479,-0.05,-0.66,-0.53
5.484,-0.05,-0.68,-0.55
5.488,-0.06,-0.71,-0.58
5.497,-0.06,-0.73,-0.6
5.499,-0.05,-0.75,-0.62
5.504,-0.04,-0.76,-0.64
5.51,-0.03,-0.77,-0.66
5.514,-0.03,-0.8,-0.69
5.519,-0.03,-0.8,-0.69
5.525,-0.03,-0.82,-0.71
5.53,-0.04,-0.83,-0.74
5.534,-0.04,-0.86,-0.76
5.539,-0.04,-0.88,-0.78
5.544,-0.03,-0.9,-0.8
5.549,-0.02,-0.92,-0.83
5.554,-0.01,-0.95,-0.84
5.559,0,-0.96,-0.86
5.564,0,-0.98,-0.88
5.57,0.02,-1.01,-0.9
5.574,0.02,-1.02,-0.92
5.58,0.03,-1.05,-0.96
5.585,0.03,-1.05,-0.96
5.59,0.03,-1.06,-0.98
5.594,0.03,-1.06,-0.99
5.599,0.03,-1.08,-1
5.604,0.05,-1.11,-1.02
5.61,0.06,-1.11,-1.04
5.614,0.08,-1.11,-1.06
5.619,0.08,-1.11,-1.07
5.626,0.1,-1.12,-1.1
5.633,0.1,-1.13,-1.11
5.634,0.11,-1.14,-1.1
5.674,0.1,-1.13,-1.12
5.675,0.09,-1.13,-1.13
5.676,0.1,-1.13,-1.13
5.676,0.1,-1.14,-1.15
5.676,0.1,-1.15,-1.16
5.677,0.11,-1.15,-1.17
5.677,0.12,-1.14,-1.18
5.678,0.12,-1.16,-1.19
5.681,0.13,-1.17,-1.2
5.687,0.14,-1.18,-1.22
5.69,0.15,-1.19,-1.22
5.695,0.16,-1.2,-1.23
5.7,0.17,-1.22,-1.24
5.705,0.18,-1.22,-1.24
5.71,0.19,-1.23,-1.24
5.715,0.21,-1.23,-1.26
5.72,0.23,-1.23,-1.26
5.725,0.23,-1.24,-1.26
5.731,0.23,-1.23,-1.27
5.736,0.24,-1.25,-1.26
5.741,0.25,-1.25,-1.25
5.745,0.26,-1.25,-1.27
5.751,0.26,-1.25,-1.27
5.756,0.27,-1.26,-1.27
5.761,0.28,-1.26,-1.26
5.775,0.29,-1.26,-1.25
5.778,0.3,-1.26,-1.25
5.779,0.32,-1.26,-1.25
5.781,0.32,-1.26,-1.25
5.796,0.33,-1.26,-1.25
5.797,0.33,-1.26,-1.24
5.798,0.34,-1.26,-1.24
5.804,0.34,-1.26,-1.24
5.806,0.35,-1.26,-1.23
5.811,0.35,-1.26,-1.22
5.817,0.36,-1.25,-1.21
5.822,0.36,-1.24,-1.21
5.827,0.37,-1.24,-1.19
5.832,0.38,-1.23,-1.18
5.836,0.37,-1.21,-1.16
5.842,0.37,-1.19,-1.15
5.846,0.37,-1.18,-1.15
5.851,0.37,-1.18,-1.15
5.856,0.37,-1.17,-1.14
5.861,0.37,-1.14,-1.12
5.866,0.38,-1.14,-1.11
5.872,0.39,-1.12,-1.09
5.877,0.39,-1.11,-1.08
5.889,0.4,-1.11,-1.06
5.889,0.41,-1.12,-1.05
5.891,0.41,-1.12,-1.03
5.909,0.41,-1.11,-1.02
5.91,0.4,-1.11,-1
5.91,0.4,-1.1,-0.98
5.917,0.4,-1.08,-0.96
5.918,0.4,-1.08,-0.96
5.922,0.4,-1.07,-0.94
5.927,0.4,-1.05,-0.93
5.933,0.41,-1.03,-0.91
5.937,0.42,-1.02,-0.9
5.942,0.42,-1.01,-0.87
5.947,0.42,-0.99,-0.84
5.952,0.41,-0.98,-0.82
5.957,0.4,-0.96,-0.81
5.962,0.4,-0.94,-0.79
5.967,0.4,-0.93,-0.77
5.972,0.39,-0.92,-0.74
5.978,0.39,-0.91,-0.72
5.983,0.4,-0.91,-0.72
5.987,0.4,-0.89,-0.69
5.992,0.4,-0.87,-0.67
5.997,0.39,-0.86,-0.65
6.002,0.39,-0.84,-0.62
6.008,0.37,-0.82,-0.62
6.014,0.36,-0.81,-0.59
6.018,0.35,-0.79,-0.56
6.023,0.35,-0.77,-0.53
6.034,0.34,-0.76,-0.52
6.035,0.34,-0.74,-0.49
6.038,0.34,-0.72,-0.47
6.076,0.31,-0.7,-0.45
6.077,0.29,-0.7,-0.42
6.077,0.26,-0.68,-0.42
6.077,0.26,-0.67,-0.4
6.078,0.24,-0.65,-0.38
6.078,0.22,-0.63,-0.36
6.079,0.21,-0.61,-0.33
6.079,0.2,-0.59,-0.3
6.083,0.19,-0.58,-0.29
6.088,0.18,-0.57,-0.26
6.093,0.16,-0.56,-0.23
6.098,0.17,-0.52,-0.19
6.103,0.2,-0.5,-0.15
6.108,0.24,-0.48,-0.13
6.113,0.28,-0.45,-0.11
6.119,0.3,-0.45,-0.11
6.124,0.3,-0.41,-0.09
6.129,0.29,-0.39,-0.06
6.134,0.26,-0.41,-0.04
6.14,0.19,-0.41,-0.02
6.143,0.11,-0.36,-0.01
6.149,0.06,-0.29,0.02
6.154,0.03,-0.27,0.06
6.159,0.04,-0.25,0.08
6.164,0.08,-0.22,0.11
6.169,0.12,-0.16,0.14
6.187,0.15,-0.12,0.16
6.189,0.15,-0.12,0.17
6.191,0.13,-0.12,0.17
6.191,0.13,-0.13,0.2
6.197,0.08,-0.12,0.23
6.199,0.03,-0.09,0.25
6.236,-0.02,-0.07,0.28
6.237,-0.05,-0.05,0.29
6.237,-0.07,-0.05,0.31
6.238,-0.07,-0.03,0.34
6.238,-0.05,0.03,0.37
6.239,-0.03,0.08,0.4
6.239,-0.01,0.1,0.41
6.24,-0.02,0.12,0.43
6.244,-0.04,0.16,0.45
6.249,-0.08,0.16,0.45
6.254,-0.08,0.19,0.47
6.259,-0.12,0.21,0.49
6.264,-0.15,0.21,0.51
6.27,-0.17,0.2,0.53
6.275,-0.17,0.23,0.55
6.279,-0.17,0.27,0.58
6.286,-0.16,0.29,0.61
6.29,-0.14,0.28,0.62
6.295,-0.12,0.29,0.65
6.299,-0.14,0.34,0.67
6.309,-0.16,0.4,0.69
6.311,-0.19,0.43,0.7
6.315,-0.23,0.43,0.71
6.332,-0.25,0.45,0.71
6.333,-0.25,0.45,0.74
6.334,-0.26,0.48,0.76
6.335,-0.25,0.5,0.77
6.34,-0.24,0.51,0.8
6.345,-0.24,0.53,0.81
6.351,-0.24,0.56,0.83
6.355,-0.24,0.58,0.85
6.361,-0.25,0.59,0.86
6.367,-0.27,0.6,0.87
6.37,-0.28,0.63,0.89
6.375,-0.29,0.65,0.91
6.382,-0.29,0.65,0.93
6.386,-0.3,0.68,0.93
6.391,-0.3,0.7,0.94
6.395,-0.3,0.71,0.96
6.401,-0.3,0.73,0.97
6.405,-0.29,0.76,0.99
6.411,-0.29,0.78,1
6.416,-0.3,0.81,1.02
6.421,-0.29,0.85,1.04
6.426,-0.27,0.85,1.05
6.439,-0.25,0.85,1.05
6.44,-0.21,0.85,1.07
6.442,-0.17,0.87,1.09
6.464,-0.14,0.91,1.1
6.465,-0.14,0.91,1.1
6.466,-0.14,0.93,1.09
6.466,-0.16,0.97,1.11
6.467,-0.23,0.98,1.11
6.471,-0.31,0.95,1.09
6.476,-0.38,0.95,1.1
6.481,-0.41,0.96,1.13
6.486,-0.4,0.96,1.15
6.491,-0.36,0.96,1.15
6.496,-0.29,0.97,1.15
6.501,-0.23,1,1.16
6.506,-0.19,1.03,1.17
6.512,-0.16,1.07,1.17
6.517,-0.18,1.07,1.17
6.521,-0.18,1.1,1.18
6.526,-0.23,1.13,1.18
6.531,-0.29,1.11,1.16
6.536,-0.33,1.11,1.15
6.541,-0.34,1.13,1.15
6.546,-0.31,1.13,1.17
6.552,-0.25,1.12,1.2
6.557,-0.2,1.09,1.19
6.562,-0.15,1.09,1.17
6.567,-0.12,1.11,1.17
6.572,-0.12,1.14,1.17
6.584,-0.14,1.16,1.16
6.586,-0.17,1.16,1.16
6.588,-0.17,1.17,1.15
6.61,-0.2,1.18,1.16
6.611,-0.22,1.21,1.14
6.611,-0.22,1.23,1.14
6.612,-0.19,1.22,1.13
6.612,-0.16,1.2,1.12
6.617,-0.12,1.2,1.11
6.621,-0.09,1.2,1.12
6.627,-0.07,1.2,1.11
6.632,-0.08,1.19,1.09
6.637,-0.09,1.19,1.07
6.642,-0.1,1.19,1.07
6.647,-0.12,1.19,1.05
6.653,-0.11,1.21,1.05
6.658,-0.11,1.22,1.05
6.662,-0.09,1.23,1.04
6.667,-0.06,1.24,1.01
6.674,-0.03,1.25,1
6.678,-0.02,1.25,0.99
6.682,-0.02,1.24,0.97
6.688,-0.02,1.22,0.96
6.692,-0.03,1.21,0.94
6.697,-0.03,1.21,0.92
6.702,-0.01,1.21,0.9
6.708,0,1.19,0.89
6.713,0.02,1.19,0.87
6.718,0.05,1.19,0.87
6.731,0.05,1.18,0.85
6.733,0.08,1.19,0.84
6.733,0.09,1.2,0.82
6.754,0.08,1.2,0.79
6.755,0.07,1.2,0.75
6.755,0.07,1.19,0.74
6.756,0.06,1.19,0.72
6.758,0.06,1.17,0.7
6.763,0.07,1.18,0.67
6.768,0.09,1.14,0.63
6.773,0.12,1.1,0.62
6.778,0.14,1.1,0.64
6.783,0.14,1.1,0.64
6.789,0.14,1.1,0.62
6.793,0.14,1.12,0.57
6.798,0.14,1.08,0.52
6.803,0.13,1.07,0.5
6.808,0.12,1.1,0.49
6.813,0.12,1.1,0.48
6.82,0.13,1.08,0.46
6.824,0.14,1.04,0.42
6.828,0.15,1.02,0.38
6.833,0.16,1.04,0.36
6.84,0.16,1.05,0.35
6.843,0.16,1.01,0.33
6.848,0.16,1.01,0.33
6.859,0.16,0.97,0.29
6.86,0.16,0.98,0.27
6.863,0.16,0.99,0.24
6.882,0.16,0.97,0.21
6.884,0.17,0.93,0.19
6.884,0.17,0.93,0.16
6.885,0.17,0.92,0.14
6.889,0.18,0.91,0.12
6.893,0.18,0.89,0.09
6.9,0.17,0.87,0.06
6.904,0.17,0.84,0.04
6.909,0.16,0.84,0.01
6.914,0.15,0.84,0.01
6.919,0.15,0.83,-0.02
6.924,0.16,0.81,-0.05
6.929,0.16,0.79,-0.06
6.934,0.16,0.78,-0.08
6.939,0.15,0.76,-0.11
6.944,0.13,0.75,-0.14
6.949,0.13,0.73,-0.17
6.955,0.13,0.71,-0.19
6.959,0.12,0.68,-0.22
6.964,0.11,0.67,-0.25
6.969,0.11,0.65,-0.28
6.974,0.11,0.64,-0.31
6.979,0.11,0.64,-0.33
6.984,0.11,0.62,-0.33
6.989,0.11,0.6,-0.35
6.994,0.12,0.57,-0.37
7.002,0.13,0.55,-0.4
7.004,0.15,0.52,-0.42
7.009,0.16,0.5,-0.44
7.02,0.16,0.47,-0.47
7.021,0.17,0.44,-0.49
7.025,0.16,0.41,-0.51
7.03,0.15,0.39,-0.52
7.035,0.13,0.35,-0.54
7.04,0.12,0.31,-0.57
7.046,0.13,0.28,-0.6
7.049,0.14,0.28,-0.6
7.055,0.14,0.25,-0.61
7.06,0.17,0.21,-0.63
7.065,0.19,0.17,-0.64
7.07,0.2,0.17,-0.66
7.075,0.21,0.16,-0.68
7.08,0.2,0.14,-0.7
7.085,0.17,0.13,-0.72
7.091,0.13,0.11,-0.74
7.095,0.11,0.08,-0.76
7.1,0.1,0.08,-0.77
7.105,0.11,0.07,-0.8
7.111,0.13,0.03,-0.81
7.115,0.13,0.03,-0.81
7.12,0.13,-0.01,-0.83
7.125,0.15,-0.04,-0.84
7.13,0.16,-0.07,-0.85
7.136,0.16,-0.09,-0.86
7.141,0.15,-0.13,-0.88
7.15,0.14,-0.16,-0.89
7.156,0.13,-0.18,-0.91
7.157,0.14,-0.19,-0.92
7.164,0.14,-0.21,-0.93
7.166,0.15,-0.22,-0.93
7.171,0.15,-0.25,-0.95
7.176,0.16,-0.26,-0.96
7.181,0.15,-0.26,-0.96
7.186,0.15,-0.28,-0.98
7.193,0.13,-0.3,-0.99
7.196,0.13,-0.33,-1
7.201,0.13,-0.35,-1.01
7.206,0.14,-0.38,-1.01
7.211,0.15,-0.41,-1.02
7.216,0.17,-0.44,-1.03
7.221,0.19,-0.46,-1.03
7.227,0.19,-0.49,-1.03
7.231,0.2,-0.5,-1.04
7.236,0.2,-0.52,-1.06
7.242,0.18,-0.53,-1.06
7.246,0.18,-0.53,-1.07
7.252,0.16,-0.55,-1.07
7.257,0.16,-0.57,-1.07
7.261,0.17,-0.58,-1.07
7.266,0.17,-0.6,-1.07
7.278,0.19,-0.63,-1.09
7.28,0.21,-0.65,-1.08
7.281,0.22,-0.68,-1.08
7.286,0.22,-0.7,-1.08
7.295,0.23,-0.72,-1.08
7.296,0.24,-0.74,-1.08
7.301,0.23,-0.75,-1.08
7.306,0.23,-0.76,-1.09
7.311,0.23,-0.76,-1.08
7.316,0.24,-0.78,-1.08
7.321,0.24,-0.81,-1.08
7.326,0.25,-0.82,-1.08
7.331,0.26,-0.84,-1.07
7.337,0.26,-0.85,-1.07
7.342,0.27,-0.87,-1.07
7.347,0.27,-0.88,-1.06
7.351,0.27,-0.91,-1.05
7.357,0.28,-0.94,-1.05
7.362,0.29,-0.95,-1.04
7.367,0.29,-0.96,-1.03
7.372,0.3,-0.98,-1.02
7.377,0.3,-1,-1.01
7.382,0.3,-1,-1.01
7.387,0.3,-1.02,-1
7.392,0.31,-1.03,-0.99
7.397,0.32,-1.05,-0.98
7.403,0.32,-1.06,-0.97
7.407,0.33,-1.09,-0.96
7.412,0.33,-1.1,-0.94
7.424,0.34,-1.11,-0.94
7.425,0.34,-1.11,-0.93
7.427,0.35,-1.11,-0.93
7.433,0.36,-1.12,-0.9
7.446,0.36,-1.12,-0.87
7.447,0.37,-1.14,-0.86
7.447,0.38,-1.14,-0.86
7.454,0.38,-1.14,-0.84
7.458,0.38,-1.13,-0.83
7.463,0.39,-1.12,-0.82
7.468,0.39,-1.12,-0.81
7.473,0.4,-1.13,-0.79
7.478,0.39,-1.12,-0.76
7.484,0.39,-1.13,-0.74
7.488,0.39,-1.13,-0.73
7.493,0.38,-1.13,-0.7
7.498,0.39,-1.14,-0.69
7.503,0.4,-1.15,-0.67
7.508,0.4,-1.16,-0.64
7.513,0.42,-1.16,-0.64
7.518,0.42,-1.17,-0.62
7.523,0.43,-1.17,-0.6
7.528,0.44,-1.18,-0.57
7.533,0.44,-1.18,-0.55
7.538,0.44,-1.18,-0.54
7.544,0.44,-1.18,-0.53
7.56,0.43,-1.18,-0.5
7.561,0.43,-1.19,-0.47
7.561,0.43,-1.2,-0.45
7.572,0.44,-1.2,-0.42
7.573,0.44,-1.2,-0.41
7.573,0.44,-1.19,-0.38
7.578,0.45,-1.19,-0.36
7.584,0.44,-1.19,-0.36
7.588,0.44,-1.2,-0.33
7.594,0.44,-1.2,-0.3
7.599,0.44,-1.18,-0.27
7.604,0.44,-1.18,-0.24
7.608,0.45,-1.18,-0.21
7.614,0.43,-1.18,-0.19
7.619,0.4,-1.16,-0.17
7.624,0.39,-1.14,-0.15
7.629,0.39,-1.12,-0.12
7.634,0.38,-1.11,-0.09
7.639,0.39,-1.11,-0.06
7.646,0.39,-1.11,-0.03
7.649,0.39,-1.09,-0.03
7.654,0.39,-1.06,-0.02
7.659,0.39,-1.05,0.01
7.664,0.38,-1.05,0.03
7.669,0.37,-1.05,0.06
7.674,0.36,-1.06,0.08
7.679,0.35,-1.05,0.11
7.684,0.34,-1.05,0.13
7.689,0.34,-1.04,0.16
7.699,0.34,-1.04,0.17
7.705,0.33,-1.02,0.2
7.706,0.32,-1,0.23
7.72,0.32,-0.99,0.26
7.721,0.31,-0.99,0.26
7.721,0.31,-0.97,0.28
7.724,0.31,-0.96,0.3
7.729,0.3,-0.95,0.32
7.734,0.28,-0.93,0.34
7.739,0.27,-0.91,0.36
7.745,0.26,-0.9,0.38
7.75,0.25,-0.89,0.4
7.755,0.26,-0.87,0.43
7.76,0.24,-0.85,0.45
7.764,0.22,-0.83,0.47
7.77,0.2,-0.82,0.49
7.775,0.19,-0.81,0.5
7.78,0.18,-0.81,0.5
7.785,0.18,-0.79,0.52
7.792,0.18,-0.78,0.53
7.795,0.17,-0.76,0.56
7.8,0.16,-0.74,0.58
7.805,0.15,-0.73,0.6
7.81,0.14,-0.72,0.62
7.815,0.14,-0.69,0.64
7.82,0.13,-0.68,0.65
7.834,0.11,-0.67,0.67
7.836,0.11,-0.64,0.68
7.837,0.09,-0.62,0.69
7.844,0.07,-0.61,0.71
7.846,0.05,-0.61,0.71
7.85,0.05,-0.59,0.72
7.856,0.03,-0.57,0.74
7.86,0.01,-0.54,0.76
7.865,-0.01,-0.53,0.77
7.87,-0.03,-0.52,0.78
7.876,-0.05,-0.5,0.78
7.881,-0.06,-0.48,0.8
7.886,-0.07,-0.46,0.81
7.89,-0.08,-0.45,0.82
7.896,-0.08,-0.42,0.85
7.901,-0.04,-0.4,0.87
7.906,0.02,-0.38,0.88
7.911,0.07,-0.38,0.88
7.916,0.09,-0.35,0.88
7.921,0.09,-0.31,0.9
7.926,0.1,-0.32,0.9
7.931,0.07,-0.33,0.9
7.937,0,-0.29,0.91
7.941,-0.07,-0.22,0.93
7.946,-0.13,-0.18,0.93
7.951,-0.18,-0.17,0.93
7.956,-0.19,-0.16,0.93
7.961,-0.19,-0.12,0.95
7.966,-0.15,-0.05,0.96
7.982,-0.09,-0.05,0.97
7.984,-0.05,-0.05,0.97
7.984,-0.03,-0.07,0.97
7.986,-0.03,-0.06,0.97
7.991,-0.03,-0.03,0.98
7.997,-0.05,0,0.99
8.006,-0.09,0.01,0.99
8.007,-0.14,0.02,0.98
8.011,-0.17,0.06,0.97
8.018,-0.2,0.11,0.98
8.021,-0.22,0.14,0.98
8.026,-0.2,0.14,1
8.031,-0.18,0.16,1
8.037,-0.14,0.19,1.02
8.041,-0.11,0.23,1.01
8.047,-0.08,0.23,1.01
8.052,-0.08,0.25,0.99
8.057,-0.07,0.26,0.99
8.061,-0.08,0.27,0.99
8.067,-0.11,0.3,0.99
8.072,-0.14,0.33,0.99
8.077,-0.16,0.35,0.97
8.082,-0.18,0.36,0.97
8.087,-0.19,0.38,0.97
8.092,-0.19,0.39,0.97
8.098,-0.17,0.42,0.97
8.102,-0.13,0.44,0.97
8.107,-0.11,0.46,0.97
8.112,-0.08,0.46,0.97
8.12,-0.08,0.5,0.95
8.122,-0.07,0.53,0.95
8.127,-0.07,0.55,0.93
8.14,-0.08,0.57,0.93
8.14,-0.1,0.58,0.92
8.142,-0.13,0.6,0.92
8.148,-0.13,0.63,0.91
8.152,-0.13,0.65,0.89
8.157,-0.11,0.65,0.89
8.163,-0.1,0.66,0.87
8.167,-0.08,0.69,0.87
8.173,-0.07,0.71,0.87
8.179,-0.06,0.71,0.87
8.183,-0.06,0.73,0.85
8.188,-0.05,0.74,0.83
8.193,-0.03,0.75,0.82
8.199,-0.03,0.79,0.8
8.203,-0.04,0.81,0.79
8.208,-0.04,0.82,0.78
8.213,-0.04,0.83,0.77
8.218,-0.03,0.84,0.76
8.223,-0.02,0.88,0.74
8.245,-0.02,0.89,0.73
8.246,0,0.9,0.71
8.247,0.03,0.92,0.69
8.247,0.05,0.92,0.68
8.248,0.04,0.93,0.68
8.253,0.04,0.96,0.66
8.258,0.04,0.99,0.64
8.263,0.05,1,0.62
8.268,0.05,1.02,0.6
8.273,0.05,1.04,0.59
8.278,0.03,1.07,0.55
8.283,0,1.11,0.54
8.288,0,1.1,0.52
8.293,0,1.02,0.51
8.299,0.02,0.99,0.49
8.303,0.07,0.98,0.46
8.309,0.13,1.01,0.46
8.314,0.18,1.01,0.46
8.319,0.18,1.03,0.44
8.325,0.21,1.03,0.42
8.329,0.22,1.07,0.39
8.334,0.19,1.12,0.36
8.338,0.16,1.14,0.33
8.344,0.13,1.15,0.31
8.349,0.09,1.14,0.28
8.354,0.08,1.17,0.24
8.359,0.09,1.23,0.24
8.364,0.11,1.24,0.23
8.369,0.15,1.18,0.21
8.379,0.17,1.13,0.18
8.38,0.2,1.13,0.18
8.386,0.2,1.13,0.16
8.401,0.22,1.15,0.14
8.402,0.23,1.15,0.12
8.403,0.23,1.12,0.08
8.411,0.22,1.1,0.05
8.412,0.23,1.15,0.04
8.414,0.23,1.21,0.02
8.419,0.24,1.23,-0.01
8.424,0.23,1.22,-0.04
8.429,0.22,1.22,-0.07
8.434,0.2,1.23,-0.09
8.439,0.18,1.23,-0.12
8.444,0.18,1.23,-0.12
8.45,0.18,1.21,-0.14
8.454,0.19,1.17,-0.16
8.459,0.22,1.14,-0.18
8.464,0.24,1.14,-0.21
8.472,0.26,1.14,-0.23
8.475,0.27,1.13,-0.26
8.48,0.28,1.12,-0.28
8.485,0.27,1.14,-0.31
8.49,0.26,1.16,-0.34
8.495,0.25,1.18,-0.36
8.5,0.24,1.18,-0.38
8.515,0.23,1.17,-0.4
8.52,0.22,1.17,-0.43
8.52,0.22,1.16,-0.43
8.52,0.22,1.16,-0.45
8.525,0.22,1.15,-0.48
8.53,0.23,1.11,-0.5
8.536,0.26,1.09,-0.5
8.541,0.26,1.07,-0.52
8.546,0.28,1.06,-0.54
8.552,0.28,1.05,-0.55
8.556,0.27,1.04,-0.58
8.561,0.25,1.05,-0.61
8.566,0.23,1.05,-0.63
8.571,0.21,1.05,-0.65
8.576,0.2,1.05,-0.66
8.581,0.2,1.04,-0.66
8.586,0.2,1.03,-0.68
8.591,0.19,1.01,-0.7
8.595,0.2,1,-0.72
8.602,0.21,0.99,-0.73
8.605,0.21,0.98,-0.75
8.611,0.22,0.96,-0.76
8.616,0.21,0.94,-0.77
8.621,0.21,0.93,-0.78
8.626,0.2,0.91,-0.8
8.631,0.19,0.89,-0.82
8.638,0.19,0.88,-0.83
8.643,0.18,0.88,-0.85
8.646,0.18,0.88,-0.85
8.657,0.18,0.86,-0.86
8.657,0.18,0.85,-0.88
8.661,0.18,0.83,-0.89
8.666,0.18,0.82,-0.89
8.671,0.17,0.8,-0.9
8.676,0.17,0.79,-0.91
8.681,0.17,0.77,-0.92
8.686,0.16,0.75,-0.94
8.691,0.15,0.73,-0.95
8.697,0.15,0.72,-0.94
8.702,0.14,0.7,-0.95
8.706,0.14,0.69,-0.97
8.711,0.14,0.69,-0.97
8.716,0.14,0.67,-0.97
8.721,0.13,0.65,-0.98
8.726,0.13,0.65,-0.98
8.731,0.12,0.63,-0.98
8.736,0.12,0.61,-0.98
8.741,0.12,0.59,-0.99
8.746,0.11,0.58,-1
8.752,0.11,0.56,-1
8.756,0.1,0.55,-1
8.767,0.09,0.52,-0.99
8.768,0.07,0.5,-0.99
8.774,0.07,0.5,-1
8.777,0.08,0.5,-1
8.785,0.08,0.49,-1.01
8.787,0.09,0.47,-1
8.792,0.11,0.45,-1.01
8.797,0.13,0.42,-1.02
8.803,0.14,0.4,-1
8.807,0.15,0.37,-0.97
8.812,0.16,0.33,-0.97
8.817,0.17,0.26,-0.98
8.822,0.16,0.2,-0.99
8.827,0.17,0.19,-0.99
8.832,0.18,0.18,-0.97
8.837,0.18,0.14,-0.96
8.842,0.15,0.14,-0.95
8.847,0.12,0.1,-0.95
8.853,0.12,0.03,-0.96
8.857,0.09,0.02,-0.96
8.862,0.08,0.05,-0.94
8.867,0.11,0.07,-0.94
8.872,0.15,0.04,-0.93
8.881,0.18,-0.02,-0.91
8.887,0.2,-0.04,-0.9
8.888,0.19,-0.02,-0.89
8.9,0.18,-0.01,-0.89
8.901,0.15,-0.05,-0.89
8.903,0.13,-0.1,-0.89
8.909,0.11,-0.1,-0.86
8.913,0.12,-0.13,-0.86
8.918,0.12,-0.15,-0.84
8.924,0.14,-0.16,-0.82
8.928,0.18,-0.21,-0.82
8.933,0.2,-0.25,-0.81
8.938,0.22,-0.27,-0.8
8.943,0.22,-0.27,-0.78
8.948,0.19,-0.27,-0.76
8.954,0.18,-0.29,-0.75
8.958,0.16,-0.32,-0.75
8.963,0.16,-0.33,-0.74
8.968,0.18,-0.33,-0.71
8.973,0.2,-0.34,-0.69
8.978,0.22,-0.34,-0.69
8.983,0.22,-0.38,-0.67
8.989,0.24,-0.42,-0.65
8.993,0.25,-0.45,-0.63
8.999,0.24,-0.47,-0.62
9.005,0.22,-0.49,-0.6
9.009,0.21,-0.51,-0.59
9.013,0.21,-0.53,-0.57
9.018,0.21,-0.54,-0.54
9.024,0.23,-0.55,-0.52
9.028,0.25,-0.56,-0.52
9.033,0.27,-0.58,-0.5
9.044,0.28,-0.6,-0.48
9.045,0.28,-0.6,-0.48
9.049,0.28,-0.61,-0.44
9.067,0.27,-0.62,-0.43
9.068,0.27,-0.65,-0.4
9.068,0.27,-0.68,-0.39
9.07,0.26,-0.7,-0.37
9.075,0.26,-0.72,-0.34
9.079,0.28,-0.74,-0.31
9.084,0.29,-0.76,-0.29
9.089,0.29,-0.76,-0.27
9.094,0.3,-0.77,-0.25
9.099,0.3,-0.78,-0.24
9.104,0.29,-0.8,-0.22
9.109,0.29,-0.8,-0.22
9.115,0.29,-0.81,-0.18
9.119,0.29,-0.82,-0.16
9.124,0.29,-0.83,-0.14
9.13,0.29,-0.85,-0.1
9.135,0.29,-0.87,-0.09
9.139,0.31,-0.88,-0.06
9.144,0.32,-0.9,-0.03
9.158,0.32,-0.91,-0.01
9.159,0.31,-0.94,0.01
9.162,0.31,-0.95,0.03
9.188,0.31,-0.96,0.06
9.189,0.31,-0.97,0.09
9.189,0.31,-0.97,0.11
9.19,0.31,-0.98,0.11
9.19,0.31,-1,0.14
9.191,0.31,-1.01,0.16
9.195,0.31,-1.02,0.18
9.2,0.31,-1.04,0.21
9.206,0.3,-1.06,0.23
9.21,0.3,-1.07,0.26
9.216,0.3,-1.08,0.29
9.22,0.3,-1.1,0.31
9.225,0.31,-1.11,0.33
9.23,0.29,-1.11,0.34
9.235,0.29,-1.1,0.34
9.241,0.29,-1.1,0.37
9.245,0.29,-1.1,0.37
9.25,0.29,-1.1,0.4
9.256,0.3,-1.1,0.43
9.26,0.3,-1.09,0.46
9.265,0.3,-1.08,0.48
9.271,0.29,-1.08,0.49
9.276,0.27,-1.07,0.51
9.29,0.26,-1.07,0.54
9.291,0.25,-1.07,0.56
9.293,0.24,-1.06,0.59
9.313,0.24,-1.06,0.61
9.314,0.24,-1.06,0.62
9.314,0.24,-1.05,0.63
9.314,0.24,-1.05,0.63
9.316,0.24,-1.06,0.66
9.321,0.23,-1.07,0.68
9.326,0.21,-1.08,0.7
9.331,0.2,-1.09,0.71
9.336,0.19,-1.09,0.73
9.341,0.18,-1.09,0.75
9.346,0.17,-1.08,0.77
9.351,0.17,-1.08,0.78
9.357,0.17,-1.08,0.79
9.362,0.17,-1.07,0.81
9.366,0.17,-1.07,0.82
9.371,0.16,-1.07,0.84
9.378,0.15,-1.07,0.84
9.382,0.15,-1.07,0.87
9.386,0.14,-1.06,0.86
9.392,0.13,-1.06,0.88
9.396,0.12,-1.06,0.9
9.402,0.11,-1.05,0.91
9.407,0.1,-1.04,0.91
9.418,0.09,-1.04,0.92
9.42,0.09,-1.02,0.93
9.425,0.08,-1.01,0.95
9.444,0.08,-1,0.96
9.444,0.06,-0.99,0.97
9.445,0.05,-0.97,0.97
9.446,0.03,-0.97,0.97
9.447,0.03,-0.97,0.98
9.451,0.02,-0.96,0.99
9.459,0.01,-0.95,1
9.461,0.01,-0.93,1
9.467,-0.01,-0.91,1
9.472,-0.02,-0.91,1
9.477,-0.03,-0.91,1.02
9.482,-0.04,-0.9,1.02
9.487,-0.04,-0.89,1.02
9.492,-0.04,-0.87,1.02
9.497,-0.05,-0.87,1.03
9.502,-0.05,-0.86,1.04
9.508,-0.06,-0.86,1.04
9.512,-0.07,-0.84,1.04
9.517,-0.07,-0.84,1.03
9.523,-0.08,-0.83,1.02
9.527,-0.09,-0.82,1.02
9.533,-0.1,-0.79,1.03
9.538,-0.09,-0.78,1.03
9.542,-0.1,-0.76,1.02
9.548,-0.09,-0.75,1.03
9.553,-0.09,-0.73,1.03
9.563,-0.1,-0.72,1.02
9.564,-0.11,-0.69,1.01
9.567,-0.12,-0.67,1
9.589,-0.12,-0.67,1
9.589,-0.12,-0.66,1
9.59,-0.12,-0.64,0.99
9.59,-0.13,-0.63,0.99
9.593,-0.14,-0.61,0.98
9.598,-0.14,-0.6,0.98
9.603,-0.14,-0.58,0.97
9.609,-0.13,-0.57,0.97
9.613,-0.12,-0.54,0.97
9.618,-0.12,-0.53,0.95
9.623,-0.11,-0.52,0.94
9.628,-0.12,-0.51,0.92
9.633,-0.14,-0.5,0.92
9.638,-0.17,-0.47,0.91
9.643,-0.18,-0.47,0.91
9.648,-0.18,-0.46,0.9
9.653,-0.18,-0.45,0.88
9.659,-0.18,-0.43,0.88
9.664,-0.17,-0.41,0.86
9.676,-0.15,-0.4,0.85
9.677,-0.14,-0.39,0.83
9.679,-0.16,-0.4,0.82
9.703,-0.15,-0.37,0.82
9.704,-0.13,-0.3,0.81
9.704,-0.1,-0.26,0.79
9.704,-0.08,-0.24,0.76
9.706,-0.08,-0.21,0.75
9.709,-0.09,-0.21,0.75
9.713,-0.09,-0.17,0.75
9.719,-0.11,-0.12,0.74
9.724,-0.13,-0.1,0.72
9.729,-0.15,-0.11,0.69
9.734,-0.15,-0.11,0.67
9.739,-0.14,-0.11,0.66
9.744,-0.11,-0.09,0.65
9.75,-0.08,-0.07,0.65
9.754,-0.05,-0.06,0.63
9.759,-0.05,-0.07,0.61
9.764,-0.06,-0.04,0.58
9.769,-0.07,0.01,0.56
9.774,-0.07,0.01,0.56
9.779,-0.07,0.07,0.54
9.784,-0.07,0.1,0.52
9.789,-0.08,0.13,0.5
9.794,-0.08,0.15,0.47
9.799,-0.07,0.18,0.46
9.804,-0.06,0.21,0.45
9.81,-0.05,0.2,0.44
9.816,-0.03,0.2,0.41
9.819,-0.02,0.2,0.39
