time;wx;wy;wz
0,004;-0,01;0,00;-0,01
0,005;-0,02;0,01;-0,00
0,005;-0,01;0,01;-0,00
0,005;-0,00;0,01;-0,00
0,008;0,00;0,01;-0,01
0,036;0,01;0,01;-0,01
0,036;0,01;0,00;-0,00
0,037;0,02;0,00;-0,01
0,037;0,00;0,00;-0,01
0,037;-0,00;0,00;-0,01
0,038;-0,00;0,00;-0,01
0,046;-0,01;-0,00;0,00
0,046;-0,02;-0,01;-0,00
0,055;-0,01;-0,01;-0,00
0,056;0,00;-0,01;0,00
0,063;0,02;-0,01;0,00
0,066;0,01;-0,01;-0,00
0,071;-0,00;-0,00;-0,00
0,079;-0,01;0,00;-0,00
0,081;-0,00;-0,00;-0,00
0,087;-0,01;0,00;-0,00
0,095;0,00;0,00;0,00
0,097;-0,00;0,00;0,00
0,102;-0,00;0,01;-0,01
0,114;-0,00;0,00;-0,02
0,115;0,00;0,00;-0,02
0,117;0,00;-0,00;-0,01
0,122;0,01;-0,01;0,00
0,130;0,01;-0,00;-0,00
0,132;-0,00;-0,00;-0,00
0,137;-0,00;-0,01;-0,01
0,144;-0,00;-0,01;-0,01
0,147;-0,00;-0,00;-0,01
0,152;-0,00;0,00;-0,01
0,157;-0,01;0,00;-0,02
0,162;-0,00;0,00;-0,02
0,167;-0,00;0,00;-0,01
0,175;-0,00;0,01;-0,01
0,178;0,00;0,00;-0,01
0,182;0,01;-0,00;-0,01
0,189;0,01;0,00;-0,01
0,192;0,01;0,00;-0,01
0,198;-0,00;0,00;-0,00
0,202;-0,00;-0,00;-0,01
0,207;-0,01;-0,01;-0,00
0,212;-0,00;-0,01;-0,00
0,218;-0,00;-0,01;-0,00
0,231;-0,00;-0,01;-0,01
0,232;-0,00;-0,01;-0,01
0,232;-0,00;-0,01;-0,01
0,238;0,00;-0,01;-0,01
0,243;0,00;-0,00;-0,01
0,247;0,01;-0,00;-0,02
0,257;0,00;0,01;-0,01
0,259;0,00;0,00;-0,01
0,263;-0,00;0,00;-0,01
0,267;-0,01;0,00;-0,01
0,273;-0,01;-0,00;-0,00
0,279;-0,01;0,00;0,00
0,283;-0,00;-0,01;0,00
0,288;0,01;-0,01;0,00
0,293;0,01;-0,01;0,00
0,300;0,00;-0,01;0,00
0,303;0,00;-0,01;-0,00
0,308;0,00;-0,02;-0,01
0,313;0,00;-0,00;-0,00
0,319;-0,00;-0,00;-0,01
0,323;-0,01;-0,00;-0,01
0,328;-0,00;0,00;-0,01
0,334;-0,00;0,00;-0,01
0,339;-0,01;-0,00;-0,00
0,343;0,00;-0,00;-0,01
0,348;-0,00;-0,00;-0,01
0,353;0,00;-0,00;-0,01
0,359;-0,01;-0,00;-0,00
0,363;-0,00;-0,00;-0,00
0,374;-0,00;-0,01;-0,01
0,374;-0,00;-0,01;-0,00
0,379;-0,00;-0,01;-0,01
0,385;0,01;-0,01;-0,01
0,388;0,00;-0,01;-0,01
0,394;-0,00;-0,00;-0,01
0,404;-0,00;0,01;-0,01
0,404;-0,00;0,01;-0,01
0,408;0,01;0,02;-0,03
0,416;0,01;0,02;-0,06
0,421;0,04;0,02;-0,05
0,423;0,05;0,02;-0,04
0,429;0,05;0,02;-0,04
0,434;0,05;0,02;-0,05
0,440;0,04;0,01;-0,05
0,444;0,01;0,02;-0,05
0,450;-0,00;0,03;-0,08
0,454;-0,00;0,04;-0,09
0,459;0,00;0,03;-0,11
0,464;0,01;0,04;-0,12
0,469;0,04;0,07;-0,13
0,474;0,06;0,09;-0,16
0,480;0,09;0,10;-0,19
0,484;0,11;0,11;-0,21
0,489;0,11;0,12;-0,21
0,495;0,10;0,12;-0,21
0,500;0,10;0,15;-0,23
0,505;0,09;0,17;-0,25
0,509;0,07;0,20;-0,27
0,520;0,07;0,20;-0,30
0,521;0,06;0,19;-0,32
0,525;0,05;0,20;-0,34
0,533;0,03;0,26;-0,36
0,536;0,04;0,29;-0,36
0,541;0,05;0,30;-0,38
0,546;0,08;0,31;-0,41
0,550;0,11;0,39;-0,46
0,555;0,18;0,42;-0,51
0,561;0,23;0,42;-0,52
0,565;0,27;0,37;-0,52
0,570;0,27;0,34;-0,50
0,574;0,27;0,43;-0,49
0,581;0,26;0,53;-0,52
0,585;0,24;0,58;-0,58
0,590;0,18;0,59;-0,65
0,595;0,09;0,54;-0,68
0,601;-0,01;0,52;-0,65
0,605;-0,06;0,60;-0,64
0,610;-0,06;0,67;-0,67
0,615;0,01;0,66;-0,72
0,621;0,11;0,62;-0,75
0,625;0,19;0,62;-0,78
0,630;0,22;0,62;-0,78
0,635;0,22;0,67;-0,81
0,641;0,21;0,72;-0,82
0,646;0,17;0,73;-0,82
0,651;0,11;0,72;-0,83
0,655;0,05;0,76;-0,86
0,664;0,03;0,82;-0,90
0,665;0,05;0,89;-0,94
0,670;0,10;0,92;-0,95
0,677;0,14;0,92;-0,94
0,681;0,17;0,94;-0,94
0,685;0,18;0,97;-0,97
0,691;0,14;1,00;-1,02
0,696;0,10;1,00;-1,02
0,702;0,10;1,01;-1,05
0,706;0,05;1,01;-1,05
0,711;0,03;1,01;-1,05
0,716;0,04;1,05;-1,06
0,722;0,08;1,09;-1,07
0,726;0,10;1,11;-1,10
0,731;0,13;1,11;-1,13
0,736;0,13;1,13;-1,15
0,742;0,11;1,15;-1,16
0,746;0,08;1,18;-1,15
0,751;0,03;1,20;-1,16
0,756;-0,00;1,21;-1,17
0,762;-0,00;1,21;-1,17
0,766;-0,00;1,23;-1,19
0,778;0,01;1,26;-1,22
0,779;0,05;1,29;-1,22
0,782;0,06;1,31;-1,22
0,787;0,06;1,32;-1,22
0,791;0,04;1,33;-1,23
0,797;0,01;1,36;-1,25
0,803;-0,03;1,40;-1,25
0,807;-0,05;1,42;-1,26
0,812;-0,06;1,43;-1,25
0,816;-0,06;1,45;-1,25
0,822;-0,05;1,47;-1,26
0,826;-0,04;1,47;-1,27
0,831;-0,04;1,51;-1,27
0,836;-0,04;1,53;-1,28
0,842;-0,05;1,53;-1,29
0,847;-0,07;1,53;-1,28
0,852;-0,10;1,55;-1,29
0,857;-0,12;1,57;-1,29
0,863;-0,14;1,57;-1,29
0,867;-0,16;1,57;-1,28
0,872;-0,17;1,57;-1,26
0,877;-0,18;1,58;-1,26
0,883;-0,20;1,59;-1,26
0,887;-0,20;1,58;-1,27
0,892;-0,20;1,58;-1,25
0,897;-0,18;1,56;-1,25
0,903;-0,18;1,54;-1,23
0,907;-0,16;1,52;-1,22
0,912;-0,14;1,49;-1,21
0,921;-0,14;1,46;-1,20
0,923;-0,16;1,45;-1,21
0,928;-0,19;1,44;-1,20
0,942;-0,23;1,45;-1,18
0,942;-0,28;1,48;-1,16
0,943;-0,30;1,51;-1,15
0,950;-0,29;1,52;-1,14
0,952;-0,26;1,54;-1,13
0,958;-0,24;1,57;-1,12
0,963;-0,21;1,57;-1,12
0,968;-0,21;1,57;-1,10
0,973;-0,20;1,56;-1,08
0,978;-0,22;1,53;-1,05
0,983;-0,24;1,52;-1,04
0,988;-0,28;1,49;-1,04
0,993;-0,32;1,47;-1,03
0,997;-0,35;1,46;-1,00
1,004;-0,36;1,44;-0,96
1,008;-0,35;1,43;-0,93
1,014;-0,34;1,43;-0,92
1,018;-0,34;1,43;-0,91
1,024;-0,33;1,43;-0,89
1,028;-0,34;1,43;-0,89
1,033;-0,34;1,46;-0,89
1,038;-0,34;1,46;-0,86
1,044;-0,33;1,46;-0,83
1,050;-0,34;1,44;-0,78
1,054;-0,34;1,42;-0,75
1,060;-0,34;1,40;-0,74
1,071;-0,34;1,38;-0,74
1,071;-0,36;1,36;-0,73
1,074;-0,37;1,34;-0,67
1,079;-0,38;1,32;-0,63
1,084;-0,39;1,30;-0,61
1,088;-0,38;1,30;-0,60
1,094;-0,37;1,30;-0,59
1,098;-0,37;1,28;-0,59
1,104;-0,36;1,27;-0,56
1,109;-0,35;1,26;-0,53
1,114;-0,36;1,24;-0,49
1,119;-0,36;1,22;-0,45
1,124;-0,36;1,21;-0,43
1,129;-0,36;1,19;-0,42
1,134;-0,35;1,17;-0,40
1,139;-0,34;1,15;-0,37
1,144;-0,33;1,13;-0,34
1,149;-0,31;1,11;-0,30
1,154;-0,30;1,10;-0,27
1,159;-0,28;1,10;-0,25
1,165;-0,26;1,08;-0,25
1,169;-0,26;1,06;-0,23
1,176;-0,25;1,04;-0,21
1,179;-0,23;1,02;-0,17
1,185;-0,21;1,01;-0,14
1,191;-0,19;1,00;-0,12
1,198;-0,20;0,98;-0,09
1,201;-0,23;0,97;-0,05
1,209;-0,29;0,93;-0,04
1,209;-0,35;0,88;-0,02
1,219;-0,37;0,86;0,01
1,220;-0,37;0,85;0,06
1,228;-0,34;0,84;0,09
1,229;-0,30;0,84;0,09
1,234;-0,30;0,85;0,10
1,240;-0,23;0,82;0,11
1,245;-0,16;0,72;0,13
1,249;-0,12;0,68;0,17
1,254;-0,11;0,69;0,19
1,260;-0,14;0,67;0,23
1,265;-0,20;0,61;0,25
1,270;-0,24;0,54;0,27
1,275;-0,25;0,51;0,30
1,280;-0,24;0,51;0,32
1,286;-0,20;0,50;0,34
1,290;-0,16;0,47;0,37
1,295;-0,12;0,47;0,37
1,300;-0,12;0,43;0,40
1,305;-0,09;0,42;0,41
1,310;-0,08;0,43;0,42
1,315;-0,07;0,42;0,45
1,337;-0,07;0,38;0,47
1,338;-0,07;0,32;0,49
1,338;-0,07;0,28;0,51
1,338;-0,06;0,26;0,52
1,340;-0,05;0,23;0,55
1,346;-0,04;0,18;0,58
1,350;-0,03;0,14;0,60
1,356;-0,03;0,12;0,60
1,360;-0,03;0,12;0,60
1,366;-0,03;0,10;0,63
1,370;-0,03;0,09;0,65
1,376;-0,02;0,05;0,67
1,380;-0,00;0,01;0,68
1,386;0,02;-0,00;0,71
1,391;0,04;-0,03;0,73
1,396;0,06;-0,05;0,74
1,401;0,07;-0,10;0,75
1,406;0,08;-0,14;0,77
1,411;0,07;-0,16;0,79
1,416;0,05;-0,19;0,82
1,421;0,04;-0,23;0,83
1,426;0,05;-0,23;0,83
1,431;0,06;-0,27;0,83
1,437;0,06;-0,29;0,84
1,441;0,07;-0,31;0,85
1,447;0,09;-0,32;0,88
1,455;0,11;-0,34;0,89
1,458;0,12;-0,38;0,90
1,462;0,12;-0,40;0,91
1,474;0,12;-0,42;0,93
1,475;0,11;-0,45;0,94
1,476;0,10;-0,49;0,96
1,481;0,10;-0,53;0,97
1,487;0,11;-0,56;0,97
1,491;0,11;-0,59;0,99
1,496;0,13;-0,59;0,99
1,501;0,13;-0,61;1,00
1,507;0,14;-0,64;1,00
1,511;0,14;-0,66;1,01
1,517;0,13;-0,68;1,02
1,522;0,12;-0,70;1,03
1,527;0,10;-0,72;1,05
1,532;0,09;-0,74;1,05
1,537;0,09;-0,77;1,05
1,542;0,12;-0,80;1,06
1,547;0,14;-0,83;1,07
1,552;0,13;-0,86;1,08
1,557;0,13;-0,89;1,08
1,562;0,11;-0,89;1,08
1,568;0,11;-0,92;1,08
1,572;0,09;-0,93;1,08
1,577;0,08;-0,95;1,09
1,582;0,08;-0,96;1,08
1,588;0,08;-0,98;1,10
1,593;0,09;-1,00;1,10
1,602;0,10;-1,01;1,10
1,603;0,10;-1,04;1,10
1,629;0,09;-1,07;1,09
1,629;0,08;-1,09;1,09
1,629;0,06;-1,12;1,09
1,630;0,05;-1,14;1,10
1,630;0,04;-1,14;1,10
1,632;0,04;-1,16;1,10
1,637;0,03;-1,18;1,09
1,642;0,03;-1,19;1,08
1,648;0,04;-1,23;1,08
1,652;0,03;-1,25;1,07
1,657;0,02;-1,26;1,07
1,662;0,02;-1,28;1,07
1,668;0,02;-1,30;1,06
1,672;0,02;-1,33;1,05
1,677;0,01;-1,36;1,05
1,683;-0,02;-1,40;1,03
1,688;-0,09;-1,41;1,04
1,693;-0,18;-1,41;1,04
1,698;-0,24;-1,42;1,04
1,703;-0,24;-1,45;1,00
1,709;-0,23;-1,38;0,95
1,713;-0,16;-1,32;0,94
1,718;-0,08;-1,32;0,98
1,723;0,01;-1,31;0,99
1,729;0,06;-1,32;0,95
1,733;0,05;-1,35;0,93
1,738;-0,02;-1,37;0,91
1,747;-0,11;-1,41;0,87
1,754;-0,18;-1,47;0,84
1,754;-0,22;-1,48;0,85
1,775;-0,24;-1,48;0,87
1,776;-0,25;-1,48;0,87
1,776;-0,25;-1,52;0,85
1,776;-0,22;-1,58;0,80
1,779;-0,18;-1,56;0,75
1,784;-0,13;-1,50;0,75
1,789;-0,12;-1,46;0,76
1,793;-0,13;-1,44;0,75
1,799;-0,16;-1,45;0,73
1,803;-0,21;-1,46;0,70
1,809;-0,26;-1,43;0,66
1,814;-0,29;-1,40;0,60
1,819;-0,30;-1,44;0,59
1,823;-0,29;-1,50;0,61
1,829;-0,26;-1,50;0,61
1,833;-0,26;-1,52;0,61
1,839;-0,22;-1,51;0,57
1,844;-0,19;-1,52;0,52
1,849;-0,19;-1,53;0,47
1,860;-0,22;-1,52;0,45
1,861;-0,26;-1,49;0,46
1,864;-0,31;-1,47;0,47
1,870;-0,33;-1,46;0,44
1,880;-0,33;-1,45;0,37
1,880;-0,31;-1,44;0,32
1,884;-0,28;-1,43;0,31
1,890;-0,27;-1,42;0,30
1,894;-0,27;-1,42;0,30
1,899;-0,27;-1,41;0,30
1,904;-0,27;-1,41;0,27
1,910;-0,29;-1,41;0,22
1,914;-0,31;-1,41;0,19
1,920;-0,32;-1,41;0,15
1,924;-0,32;-1,41;0,13
1,930;-0,31;-1,38;0,11
1,938;-0,30;-1,35;0,10
1,939;-0,28;-1,35;0,08
1,944;-0,27;-1,37;0,04
1,950;-0,26;-1,35;-0,01
1,955;-0,27;-1,32;-0,03
1,960;-0,29;-1,32;-0,05
1,965;-0,30;-1,31;-0,05
1,970;-0,30;-1,31;-0,05
1,975;-0,30;-1,31;-0,07
1,980;-0,29;-1,30;-0,12
1,986;-0,27;-1,27;-0,16
1,990;-0,24;-1,26;-0,19
1,995;-0,23;-1,25;-0,21
2,000;-0,22;-1,24;-0,23
2,005;-0,22;-1,22;-0,25
2,011;-0,24;-1,19;-0,28
2,026;-0,26;-1,19;-0,30
2,027;-0,26;-1,23;-0,32
2,027;-0,26;-1,23;-0,37
2,032;-0,25;-1,16;-0,37
2,040;-0,25;-1,05;-0,41
2,040;-0,24;-1,08;-0,38
2,045;-0,22;-1,17;-0,35
2,052;-0,18;-1,15;-0,39
2,056;-0,17;-1,03;-0,49
2,060;-0,16;-0,99;-0,52
2,065;-0,16;-1,04;-0,50
2,071;-0,16;-1,04;-0,50
2,076;-0,16;-0,99;-0,55
2,083;-0,15;-0,95;-0,58
2,085;-0,14;-0,91;-0,58
2,091;-0,12;-0,88;-0,59
2,096;-0,11;-0,88;-0,59
2,100;-0,11;-0,90;-0,64
2,105;-0,12;-0,88;-0,66
2,111;-0,14;-0,80;-0,67
2,116;-0,16;-0,74;-0,69
2,121;-0,18;-0,75;-0,71
2,126;-0,18;-0,77;-0,71
2,131;-0,16;-0,72;-0,72
2,136;-0,14;-0,65;-0,73
2,141;-0,11;-0,57;-0,76
2,150;-0,11;-0,52;-0,78
2,151;-0,10;-0,55;-0,79
2,156;-0,11;-0,53;-0,81
2,162;-0,12;-0,53;-0,81
2,167;-0,12;-0,45;-0,81
2,171;-0,12;-0,39;-0,82
2,176;-0,12;-0,37;-0,83
2,181;-0,12;-0,41;-0,84
2,186;-0,12;-0,42;-0,86
2,191;-0,11;-0,37;-0,88
2,196;-0,09;-0,31;-0,90
2,201;-0,08;-0,31;-0,90
2,206;-0,07;-0,32;-0,90
2,212;-0,06;-0,31;-0,91
2,216;-0,06;-0,25;-0,92
2,221;-0,07;-0,18;-0,94
2,227;-0,08;-0,18;-0,94
2,232;-0,08;-0,16;-0,96
2,236;-0,08;-0,15;-0,96
2,242;-0,07;-0,12;-0,94
2,247;-0,07;-0,07;-0,95
2,252;-0,07;-0,02;-0,97
2,257;-0,06;0,03;-0,98
2,262;-0,06;0,04;-0,99
2,267;-0,06;0,05;-0,99
2,273;-0,05;0,07;-0,98
2,281;-0,05;0,11;-0,99
2,286;-0,05;0,13;-0,99
2,287;-0,06;0,14;-1,00
2,304;-0,06;0,14;-1,01
2,304;-0,06;0,16;-1,01
2,304;-0,06;0,19;-1,01
2,312;-0,06;0,23;-1,00
2,313;-0,06;0,28;-1,00
2,317;-0,05;0,29;-0,99
2,322;-0,06;0,32;-1,00
2,327;-0,07;0,37;-1,01
2,333;-0,06;0,40;-1,01
2,337;-0,06;0,43;-1,00
2,342;-0,08;0,45;-0,99
2,348;-0,09;0,46;-0,99
2,353;-0,08;0,49;-1,00
2,357;-0,08;0,52;-1,00
2,362;-0,09;0,52;-1,00
2,367;-0,09;0,54;-0,99
2,373;-0,10;0,55;-0,98
2,377;-0,10;0,57;-0,97
2,382;-0,10;0,61;-0,97
2,388;-0,11;0,64;-0,96
2,393;-0,12;0,68;-0,96
2,398;-0,11;0,70;-0,95
2,403;-0,11;0,73;-0,94
2,408;-0,12;0,76;-0,93
2,413;-0,12;0,79;-0,93
2,418;-0,13;0,81;-0,92
2,427;-0,13;0,82;-0,92
2,429;-0,14;0,82;-0,92
2,433;-0,14;0,84;-0,91
2,446;-0,15;0,86;-0,89
2,447;-0,16;0,88;-0,88
2,447;-0,17;0,90;-0,86
2,455;-0,18;0,92;-0,84
2,458;-0,19;0,95;-0,83
2,463;-0,19;0,97;-0,83
2,469;-0,20;0,99;-0,82
2,474;-0,20;1,01;-0,80
2,478;-0,20;1,03;-0,78
2,483;-0,21;1,06;-0,77
2,488;-0,22;1,08;-0,75
2,494;-0,23;1,08;-0,75
2,499;-0,23;1,11;-0,74
2,503;-0,23;1,13;-0,72
2,509;-0,24;1,13;-0,70
2,515;-0,25;1,15;-0,68
2,518;-0,25;1,18;-0,67
2,524;-0,25;1,21;-0,65
2,529;-0,26;1,22;-0,64
2,534;-0,27;1,23;-0,62
2,539;-0,27;1,25;-0,59
2,544;-0,28;1,27;-0,57
2,549;-0,29;1,29;-0,55
2,554;-0,29;1,31;-0,53
2,559;-0,30;1,31;-0,51
2,564;-0,29;1,32;-0,51
2,572;-0,29;1,35;-0,49
2,576;-0,30;1,36;-0,47
2,580;-0,30;1,38;-0,45
2,593;-0,29;1,39;-0,42
2,594;-0,30;1,40;-0,39
2,595;-0,32;1,44;-0,36
2,602;-0,31;1,46;-0,35
2,604;-0,31;1,47;-0,35
2,609;-0,32;1,48;-0,34
2,616;-0,32;1,48;-0,31
2,619;-0,32;1,49;-0,27
2,624;-0,33;1,49;-0,23
2,629;-0,36;1,50;-0,23
2,635;-0,36;1,49;-0,21
2,639;-0,38;1,49;-0,20
2,644;-0,41;1,50;-0,18
2,650;-0,43;1,51;-0,15
2,655;-0,44;1,50;-0,11
2,660;-0,43;1,49;-0,07
2,664;-0,41;1,47;-0,03
2,669;-0,38;1,46;-0,01
2,675;-0,34;1,45;0,02
2,680;-0,32;1,43;0,03
2,685;-0,33;1,41;0,04
2,689;-0,34;1,38;0,07
2,700;-0,38;1,38;0,07
2,701;-0,38;1,39;0,11
2,706;-0,42;1,40;0,15
2,710;-0,44;1,42;0,17
2,725;-0,43;1,41;0,19
2,725;-0,39;1,44;0,21
2,726;-0,35;1,45;0,23
2,734;-0,31;1,46;0,25
2,735;-0,29;1,45;0,28
2,740;-0,28;1,45;0,32
2,745;-0,30;1,44;0,34
2,750;-0,32;1,42;0,35
2,756;-0,34;1,40;0,36
2,761;-0,35;1,40;0,36
2,765;-0,35;1,38;0,39
2,770;-0,35;1,36;0,43
2,777;-0,35;1,36;0,45
2,780;-0,34;1,34;0,48
2,785;-0,32;1,34;0,48
2,790;-0,29;1,33;0,49
2,797;-0,28;1,32;0,52
2,801;-0,27;1,32;0,56
2,806;-0,26;1,34;0,59
2,811;-0,26;1,33;0,61
2,816;-0,24;1,31;0,60
2,821;-0,24;1,28;0,62
2,827;-0,22;1,28;0,64
2,831;-0,22;1,28;0,64
2,837;-0,22;1,28;0,68
2,843;-0,21;1,26;0,70
2,846;-0,22;1,23;0,70
2,851;-0,22;1,22;0,71
2,863;-0,21;1,20;0,73
2,867;-0,20;1,18;0,75
2,869;-0,19;1,16;0,77
2,883;-0,18;1,14;0,78
2,883;-0,16;1,11;0,79
2,884;-0,15;1,10;0,80
2,886;-0,14;1,10;0,82
2,892;-0,13;1,10;0,83
2,897;-0,13;1,07;0,83
2,901;-0,13;1,05;0,84
2,906;-0,13;1,03;0,85
2,911;-0,12;1,02;0,87
2,917;-0,11;1,00;0,88
2,922;-0,09;0,97;0,88
2,926;-0,08;0,95;0,89
2,931;-0,06;0,93;0,90
2,937;-0,05;0,92;0,91
2,941;-0,04;0,90;0,91
2,947;-0,03;0,89;0,92
2,952;-0,02;0,87;0,94
2,957;-0,01;0,85;0,95
2,961;-0,00;0,85;0,95
2,966;-0,00;0,83;0,95
2,971;0,00;0,82;0,94
2,977;0,01;0,80;0,94
2,982;0,02;0,80;0,95
2,991;0,00;0,79;0,96
2,993;-0,04;0,79;0,99
2,999;-0,06;0,76;1,00
3,013;-0,08;0,67;0,99
3,013;-0,06;0,64;0,98
3,014;-0,03;0,63;0,96
3,022;0,02;0,59;0,95
3,022;0,07;0,52;0,97
3,027;0,09;0,52;0,97
3,032;0,09;0,45;0,98
3,037;0,08;0,41;0,98
3,042;0,06;0,42;0,98
3,047;0,00;0,42;0,98
3,053;-0,03;0,40;0,96
3,058;-0,03;0,38;0,95
3,064;-0,02;0,38;0,97
3,068;0,01;0,38;0,98
3,072;0,05;0,36;0,97
3,078;0,08;0,31;0,95
3,083;0,12;0,27;0,93
3,088;0,14;0,23;0,94
3,093;0,10;0,23;0,94
3,100;0,10;0,20;0,94
3,104;0,06;0,16;0,93
3,108;0,01;0,11;0,92
3,113;-0,02;0,08;0,92
3,120;-0,03;0,07;0,90
3,123;-0,01;0,05;0,90
3,128;0,02;0,04;0,90
3,151;0,07;0,00;0,89
3,152;0,10;-0,02;0,88
3,153;0,11;-0,02;0,86
3,154;0,09;-0,02;0,86
3,154;0,05;-0,08;0,85
3,160;0,01;-0,08;0,85
3,163;-0,02;-0,13;0,85
3,182;-0,02;-0,17;0,84
3,183;-0,05;-0,21;0,82
3,184;-0,04;-0,23;0,81
3,184;-0,01;-0,27;0,78
3,188;0,02;-0,31;0,77
3,194;0,05;-0,33;0,76
3,199;0,05;-0,33;0,75
3,203;0,04;-0,33;0,74
3,209;-0,00;-0,34;0,72
3,214;-0,04;-0,37;0,71
3,220;-0,07;-0,41;0,70
3,223;-0,09;-0,41;0,68
3,229;-0,07;-0,43;0,68
3,234;-0,07;-0,47;0,67
3,240;-0,05;-0,51;0,65
3,244;-0,02;-0,55;0,63
3,249;-0,01;-0,59;0,61
3,254;-0,03;-0,61;0,60
3,260;-0,05;-0,62;0,58
3,276;-0,08;-0,64;0,56
3,278;-0,11;-0,65;0,55
3,279;-0,12;-0,66;0,53
3,280;-0,14;-0,67;0,50
3,284;-0,12;-0,69;0,49
3,289;-0,12;-0,72;0,47
3,306;-0,11;-0,72;0,47
3,307;-0,11;-0,76;0,46
3,307;-0,10;-0,79;0,43
3,311;-0,11;-0,81;0,42
3,315;-0,12;-0,85;0,39
3,320;-0,15;-0,88;0,37
3,324;-0,17;-0,91;0,34
3,329;-0,19;-0,92;0,33
3,335;-0,19;-0,92;0,30
3,340;-0,18;-0,94;0,28
3,345;-0,18;-0,95;0,26
3,350;-0,19;-0,97;0,24
3,355;-0,20;-0,99;0,21
3,360;-0,22;-0,99;0,21
3,365;-0,22;-1,00;0,18
3,370;-0,22;-1,03;0,16
3,375;-0,22;-1,05;0,14
3,381;-0,22;-1,07;0,11
3,385;-0,22;-1,10;0,10
3,390;-0,22;-1,12;0,07
3,395;-0,23;-1,13;0,04
3,401;-0,24;-1,14;0,02
3,405;-0,25;-1,15;-0,01
3,416;-0,27;-1,17;-0,03
3,417;-0,29;-1,20;-0,05
3,422;-0,30;-1,21;-0,08
3,450;-0,29;-1,21;-0,12
3,452;-0,29;-1,23;-0,12
3,452;-0,29;-1,24;-0,14
3,453;-0,27;-1,25;-0,16
3,453;-0,27;-1,27;-0,20
3,453;-0,25;-1,31;-0,22
3,458;-0,26;-1,32;-0,24
3,461;-0,26;-1,33;-0,25
3,466;-0,26;-1,37;-0,29
3,470;-0,24;-1,43;-0,33
3,476;-0,23;-1,42;-0,36
3,481;-0,24;-1,30;-0,37
3,486;-0,25;-1,26;-0,36
3,491;-0,28;-1,26;-0,38
3,496;-0,31;-1,28;-0,38
3,502;-0,31;-1,29;-0,44
3,506;-0,31;-1,29;-0,48
3,511;-0,32;-1,26;-0,48
3,516;-0,32;-1,27;-0,49
3,522;-0,31;-1,33;-0,51
3,526;-0,28;-1,40;-0,53
3,531;-0,26;-1,43;-0,56
3,536;-0,23;-1,40;-0,60
3,546;-0,23;-1,42;-0,64
3,549;-0,24;-1,44;-0,65
3,551;-0,24;-1,44;-0,66
3,577;-0,25;-1,38;-0,67
3,577;-0,25;-1,38;-0,67
3,578;-0,25;-1,33;-0,69
3,578;-0,26;-1,34;-0,72
3,579;-0,25;-1,33;-0,76
3,583;-0,24;-1,32;-0,77
3,587;-0,24;-1,32;-0,77
3,592;-0,22;-1,33;-0,77
3,597;-0,22;-1,35;-0,81
3,603;-0,21;-1,37;-0,83
3,606;-0,21;-1,39;-0,84
3,612;-0,20;-1,39;-0,85
3,616;-0,19;-1,38;-0,88
3,622;-0,19;-1,37;-0,89
3,627;-0,18;-1,37;-0,89
3,632;-0,18;-1,34;-0,89
3,637;-0,17;-1,32;-0,92
3,642;-0,17;-1,31;-0,92
3,647;-0,16;-1,30;-0,94
3,652;-0,15;-1,30;-0,96
3,657;-0,15;-1,28;-0,97
3,662;-0,14;-1,26;-0,98
3,667;-0,14;-1,27;-0,98
3,672;-0,13;-1,26;-1,00
3,677;-0,12;-1,24;-1,02
3,694;-0,11;-1,24;-1,02
3,695;-0,09;-1,24;-1,02
3,696;-0,09;-1,24;-1,02
3,697;-0,09;-1,22;-1,02
3,729;-0,09;-1,20;-1,04
3,730;-0,09;-1,20;-1,05
3,730;-0,07;-1,19;-1,06
3,731;-0,06;-1,17;-1,05
3,731;-0,05;-1,17;-1,06
3,731;-0,04;-1,17;-1,06
3,732;-0,04;-1,15;-1,06
3,737;-0,03;-1,13;-1,06
3,743;-0,02;-1,13;-1,06
3,748;-0,02;-1,13;-1,07
3,753;-0,01;-1,11;-1,08
3,758;-0,00;-1,11;-1,07
3,764;-0,00;-1,08;-1,07
3,768;-0,00;-1,07;-1,07
3,773;-0,01;-1,06;-1,07
3,778;-0,01;-1,05;-1,05
3,784;0,00;-1,03;-1,05
3,788;0,01;-1,01;-1,05
3,793;0,02;-1,01;-1,06
3,798;0,01;-0,99;-1,06
3,803;0,03;-0,98;-1,06
3,808;0,04;-0,95;-1,04
3,813;0,05;-0,92;-1,03
3,818;0,08;-0,91;-1,01
3,824;0,10;-0,93;-1,02
3,836;0,12;-0,93;-1,02
3,838;0,12;-0,91;-1,02
3,843;0,13;-0,86;-1,02
3,866;0,11;-0,83;-1,03
3,866;0,10;-0,82;-1,02
3,867;0,06;-0,81;-1,00
3,867;0,03;-0,81;-0,99
3,868;0,00;-0,78;-0,96
3,868;-0,00;-0,74;-0,94
3,873;0,00;-0,66;-0,93
3,878;-0,02;-0,57;-0,93
3,884;-0,05;-0,57;-0,93
3,888;-0,08;-0,61;-0,92
3,894;-0,08;-0,61;-0,92
3,898;-0,08;-0,54;-0,90
3,904;-0,04;-0,40;-0,87
3,909;0,03;-0,35;-0,86
3,913;0,12;-0,39;-0,85
3,918;0,20;-0,43;-0,84
3,925;0,23;-0,43;-0,83
3,928;0,23;-0,35;-0,82
3,933;0,19;-0,22;-0,80
3,938;0,11;-0,20;-0,77
3,945;0,01;-0,30;-0,75
3,949;-0,07;-0,35;-0,75
3,954;-0,10;-0,29;-0,74
3,965;-0,08;-0,29;-0,74
3,967;-0,08;-0,19;-0,71
3,994;-0,02;-0,18;-0,70
3,994;0,06;-0,25;-0,68
3,994;0,10;-0,27;-0,67
3,995;0,09;-0,18;-0,65
3,995;0,05;-0,08;-0,62
3,995;-0,02;-0,04;-0,61
3,999;-0,09;-0,05;-0,58
4,005;-0,13;-0,06;-0,56
4,011;-0,14;-0,02;-0,55
4,014;-0,11;0,04;-0,53
4,019;-0,06;0,08;-0,51
4,025;-0,01;0,08;-0,49
4,029;0,04;0,10;-0,49
4,034;0,04;0,10;-0,47
4,040;0,05;0,13;-0,45
4,045;0,02;0,18;-0,42
4,049;-0,02;0,21;-0,39
4,055;-0,07;0,23;-0,38
4,059;-0,11;0,24;-0,37
4,065;-0,12;0,27;-0,34
4,071;-0,11;0,30;-0,31
4,075;-0,09;0,34;-0,29
4,079;-0,05;0,35;-0,26
4,085;-0,03;0,35;-0,24
4,090;-0,04;0,35;-0,23
4,095;-0,06;0,36;-0,23
4,099;-0,06;0,39;-0,21
4,110;-0,10;0,44;-0,18
4,112;-0,13;0,48;-0,15
4,115;-0,17;0,48;-0,12
4,135;-0,20;0,48;-0,10
4,136;-0,18;0,51;-0,06
4,136;-0,16;0,55;-0,04
4,137;-0,13;0,58;-0,02
4,140;-0,12;0,59;0,01
4,146;-0,14;0,60;0,03
4,150;-0,16;0,65;0,05
4,155;-0,19;0,69;0,08
4,160;-0,21;0,69;0,08
4,166;-0,21;0,70;0,10
4,170;-0,22;0,70;0,12
4,175;-0,20;0,71;0,15
4,180;-0,19;0,75;0,18
4,186;-0,18;0,77;0,20
4,190;-0,18;0,78;0,23
4,195;-0,20;0,79;0,24
4,201;-0,22;0,81;0,26
4,206;-0,24;0,85;0,29
4,210;-0,26;0,87;0,31
4,217;-0,26;0,88;0,34
4,220;-0,25;0,89;0,36
4,226;-0,24;0,89;0,36
4,231;-0,24;0,91;0,39
4,236;-0,23;0,94;0,41
4,241;-0,22;0,96;0,43
4,246;-0,21;0,97;0,46
4,256;-0,22;0,98;0,48
4,266;-0,23;1,00;0,51
4,287;-0,23;1,03;0,53
4,288;-0,23;1,05;0,55
4,288;-0,24;1,05;0,58
4,288;-0,23;1,07;0,60
4,288;-0,22;1,09;0,62
4,289;-0,21;1,12;0,64
4,291;-0,22;1,12;0,64
4,296;-0,22;1,14;0,66
4,301;-0,21;1,14;0,67
4,307;-0,21;1,16;0,70
4,311;-0,20;1,18;0,72
4,316;-0,20;1,20;0,74
4,321;-0,19;1,22;0,76
4,327;-0,18;1,23;0,78
4,331;-0,18;1,24;0,81
4,337;-0,17;1,27;0,83
4,341;-0,18;1,29;0,85
4,347;-0,17;1,30;0,84
4,351;-0,17;1,31;0,83
4,356;-0,16;1,31;0,84
4,362;-0,16;1,32;0,84
4,367;-0,16;1,33;0,88
4,372;-0,16;1,34;0,91
4,377;-0,17;1,35;0,94
4,382;-0,19;1,34;0,94
4,387;-0,20;1,33;0,93
4,392;-0,20;1,34;0,95
4,401;-0,21;1,34;0,97
4,404;-0,21;1,34;0,99
4,408;-0,19;1,33;1,01
4,427;-0,16;1,32;1,02
4,428;-0,13;1,30;1,04
4,428;-0,09;1,27;1,04
4,428;-0,06;1,27;1,04
4,432;-0,06;1,24;1,03
4,437;-0,06;1,23;1,04
4,443;-0,07;1,22;1,06
4,448;-0,10;1,22;1,07
4,452;-0,12;1,23;1,09
4,457;-0,14;1,26;1,09
4,462;-0,14;1,28;1,09
4,468;-0,12;1,29;1,09
4,472;-0,07;1,31;1,09
4,477;-0,02;1,32;1,10
4,482;0,04;1,31;1,11
4,488;0,07;1,31;1,12
4,492;0,07;1,31;1,12
4,498;0,07;1,29;1,11
4,503;0,06;1,26;1,09
4,514;0,02;1,24;1,09
4,515;-0,03;1,22;1,10
4,517;-0,05;1,22;1,11
4,523;-0,04;1,21;1,11
4,537;-0,01;1,19;1,09
4,537;0,04;1,20;1,08
4,538;0,08;1,20;1,09
4,547;0,10;1,21;1,10
4,549;0,11;1,22;1,08
4,553;0,11;1,22;1,06
4,558;0,10;1,22;1,06
4,563;0,10;1,20;1,06
4,569;0,09;1,18;1,07
4,573;0,07;1,17;1,07
4,578;0,07;1,17;1,06
4,584;0,08;1,15;1,04
4,589;0,11;1,13;1,02
4,593;0,14;1,13;1,01
4,598;0,16;1,12;1,01
4,605;0,17;1,09;1,01
4,609;0,18;1,08;0,99
4,613;0,17;1,07;0,96
4,618;0,16;1,05;0,96
4,623;0,14;1,05;0,95
4,629;0,13;1,04;0,95
4,633;0,13;1,02;0,94
4,643;0,13;0,99;0,93
4,644;0,14;0,98;0,91
4,650;0,17;0,98;0,88
4,694;0,18;0,96;0,87
4,695;0,18;0,95;0,87
4,695;0,19;0,93;0,85
4,695;0,18;0,91;0,82
4,695;0,17;0,91;0,80
4,696;0,17;0,90;0,79
4,696;0,17;0,88;0,78
4,696;0,18;0,86;0,77
4,696;0,19;0,86;0,77
4,699;0,19;0,85;0,74
4,704;0,20;0,84;0,72
4,710;0,22;0,84;0,70
4,714;0,23;0,85;0,68
4,719;0,23;0,84;0,68
4,724;0,21;0,79;0,67
4,730;0,17;0,72;0,64
4,735;0,12;0,70;0,60
4,739;0,09;0,69;0,57
4,744;0,09;0,63;0,56
4,750;0,12;0,57;0,55
4,754;0,16;0,52;0,52
4,759;0,20;0,52;0,52
4,765;0,20;0,51;0,50
4,770;0,23;0,52;0,48
4,775;0,22;0,51;0,45
4,780;0,19;0,50;0,43
4,789;0,15;0,48;0,41
4,793;0,11;0,50;0,40
4,795;0,08;0,51;0,38
4,811;0,07;0,47;0,35
4,812;0,08;0,42;0,33
4,812;0,10;0,37;0,31
4,821;0,13;0,34;0,29
4,821;0,15;0,31;0,27
4,825;0,15;0,31;0,27
4,831;0,15;0,26;0,24
4,835;0,13;0,21;0,22
4,840;0,10;0,20;0,19
4,845;0,07;0,19;0,17
4,850;0,05;0,19;0,15
4,855;0,03;0,18;0,13
4,860;0,03;0,17;0,11
4,865;0,04;0,16;0,09
4,871;0,05;0,14;0,07
4,875;0,06;0,11;0,04
4,880;0,06;0,07;0,01
4,885;0,04;0,02;-0,01
4,891;0,00;0,02;-0,03
4,895;-0,02;-0,03;-0,03
4,900;-0,02;-0,06;-0,05
4,905;-0,02;-0,08;-0,08
4,911;-0,03;-0,11;-0,10
4,918;-0,02;-0,13;-0,13
4,922;-0,02;-0,14;-0,16
4,925;-0,01;-0,15;-0,17
4,937;-0,01;-0,16;-0,19
4,937;-0,03;-0,17;-0,22
4,940;-0,05;-0,20;-0,25
4,945;-0,07;-0,23;-0,27
4,951;-0,09;-0,26;-0,29
4,956;-0,11;-0,26;-0,32
4,961;-0,12;-0,29;-0,32
4,965;-0,12;-0,33;-0,34
4,971;-0,11;-0,36;-0,36
4,976;-0,09;-0,40;-0,38
4,981;-0,07;-0,42;-0,41
4,986;-0,07;-0,44;-0,42
4,992;-0,07;-0,45;-0,44
4,996;-0,09;-0,46;-0,46
5,001;-0,13;-0,47;-0,49
5,006;-0,15;-0,49;-0,51
5,012;-0,16;-0,50;-0,52
5,016;-0,16;-0,52;-0,55
5,021;-0,15;-0,55;-0,57
5,027;-0,13;-0,55;-0,57
5,032;-0,13;-0,58;-0,58
5,037;-0,12;-0,62;-0,61
5,043;-0,11;-0,65;-0,62
5,046;-0,12;-0,68;-0,65
5,053;-0,13;-0,70;-0,67
5,059;-0,14;-0,71;-0,68
5,062;-0,16;-0,72;-0,71
5,066;-0,18;-0,74;-0,73
5,074;-0,17;-0,74;-0,74
5,081;-0,16;-0,74;-0,76
5,084;-0,15;-0,76;-0,79
5,087;-0,14;-0,79;-0,80
5,107;-0,14;-0,79;-0,80
5,107;-0,14;-0,82;-0,81
5,107;-0,14;-0,85;-0,83
5,108;-0,15;-0,87;-0,84
5,113;-0,15;-0,90;-0,86
5,117;-0,16;-0,92;-0,88
5,122;-0,16;-0,94;-0,90
5,127;-0,16;-0,93;-0,91
5,133;-0,16;-0,94;-0,91
5,137;-0,17;-0,96;-0,93
5,142;-0,17;-1,00;-0,94
5,147;-0,18;-1,02;-0,97
5,153;-0,17;-1,02;-0,98
5,157;-0,15;-1,02;-0,99
5,162;-0,12;-1,01;-0,99
5,167;-0,12;-1,04;-1,00
5,173;-0,11;-1,08;-1,00
5,177;-0,11;-1,10;-1,01
5,182;-0,11;-1,10;-1,03
5,196;-0,11;-1,11;-1,04
5,197;-0,11;-1,15;-1,05
5,199;-0,11;-1,23;-1,07
5,202;-0,08;-1,23;-1,07
5,220;-0,06;-1,11;-1,07
5,221;-0,06;-1,06;-1,07
5,221;-0,06;-1,06;-1,07
5,222;-0,07;-1,06;-1,10
5,227;-0,07;-1,07;-1,10
5,233;-0,07;-1,09;-1,10
5,237;-0,07;-1,09;-1,09
5,243;-0,07;-1,11;-1,10
5,248;-0,05;-1,18;-1,11
5,253;-0,03;-1,24;-1,11
5,258;-0,01;-1,27;-1,10
5,263;-0,00;-1,26;-1,12
5,269;-0,01;-1,24;-1,13
5,273;-0,02;-1,26;-1,12
5,278;-0,03;-1,23;-1,11
5,283;-0,03;-1,19;-1,11
5,288;-0,01;-1,16;-1,11
5,294;0,02;-1,16;-1,11
5,298;0,02;-1,15;-1,12
5,303;0,06;-1,15;-1,11
5,308;0,09;-1,16;-1,10
5,315;0,10;-1,17;-1,10
5,319;0,10;-1,22;-1,09
5,323;0,08;-1,24;-1,10
5,328;0,06;-1,26;-1,09
5,336;0,06;-1,28;-1,07
5,338;0,06;-1,28;-1,06
5,344;0,06;-1,25;-1,06
5,355;0,08;-1,21;-1,05
5,358;0,11;-1,22;-1,04
5,359;0,14;-1,22;-1,04
5,363;0,14;-1,23;-1,04
5,380;0,16;-1,19;-1,02
5,380;0,15;-1,17;-1,00
5,381;0,15;-1,18;-0,98
5,384;0,15;-1,18;-0,97
5,389;0,15;-1,17;-0,97
5,395;0,15;-1,17;-0,97
5,399;0,16;-1,18;-0,95
5,404;0,18;-1,19;-0,92
5,409;0,19;-1,19;-0,90
5,414;0,20;-1,19;-0,89
5,419;0,19;-1,17;-0,88
5,424;0,19;-1,17;-0,88
5,430;0,19;-1,14;-0,87
5,435;0,20;-1,14;-0,86
5,439;0,19;-1,14;-0,83
5,444;0,19;-1,13;-0,82
5,450;0,20;-1,11;-0,79
5,455;0,21;-1,10;-0,77
5,459;0,22;-1,10;-0,75
5,467;0,22;-1,10;-0,74
5,472;0,22;-1,09;-0,71
5,475;0,23;-1,08;-0,68
5,488;0,23;-1,08;-0,67
5,488;0,23;-1,07;-0,66
5,490;0,22;-1,07;-0,63
5,497;0,23;-1,05;-0,63
5,499;0,23;-1,04;-0,61
5,504;0,23;-1,03;-0,59
5,509;0,24;-1,01;-0,57
5,515;0,23;-1,00;-0,56
5,519;0,23;-0,99;-0,53
5,525;0,24;-0,98;-0,50
5,530;0,24;-0,96;-0,48
5,535;0,24;-0,95;-0,45
5,540;0,24;-0,94;-0,44
5,545;0,24;-0,94;-0,42
5,550;0,24;-0,93;-0,39
5,556;0,24;-0,91;-0,36
5,560;0,25;-0,91;-0,36
5,565;0,25;-0,89;-0,34
5,570;0,25;-0,88;-0,32
5,576;0,26;-0,88;-0,30
5,580;0,27;-0,87;-0,27
5,585;0,27;-0,85;-0,24
5,591;0,26;-0,83;-0,21
5,596;0,25;-0,82;-0,18
5,600;0,24;-0,82;-0,15
5,605;0,23;-0,81;-0,13
5,614;0,20;-0,78;-0,10
5,618;0,16;-0,75;-0,07
5,620;0,11;-0,74;-0,06
5,640;0,09;-0,74;-0,06
5,641;0,09;-0,69;-0,06
5,641;0,07;-0,55;-0,04
5,641;0,03;-0,56;-0,00
5,646;-0,00;-0,64;0,04
5,650;-0,02;-0,58;0,06
5,656;-0,01;-0,46;0,08
5,661;0,05;-0,38;0,09
5,666;0,15;-0,38;0,12
5,671;0,23;-0,43;0,14
5,677;0,28;-0,40;0,15
5,681;0,29;-0,35;0,19
5,686;0,29;-0,32;0,23
5,691;0,28;-0,32;0,23
5,697;0,28;-0,28;0,25
5,701;0,24;-0,26;0,26
5,706;0,20;-0,22;0,25
5,711;0,14;-0,22;0,27
5,717;0,08;-0,24;0,33
5,722;0,03;-0,25;0,36
5,726;0,02;-0,23;0,39
5,731;0,01;-0,20;0,38
5,743;0,04;-0,19;0,37
5,743;0,07;-0,18;0,40
5,747;0,08;-0,16;0,45
5,751;0,07;-0,11;0,47
5,764;0,06;-0,11;0,49
5,765;0,04;-0,07;0,49
5,766;0,04;-0,07;0,50
5,773;0,01;-0,04;0,51
5,777;-0,01;0,01;0,53
5,781;-0,01;0,07;0,55
5,786;-0,01;0,08;0,58
5,792;0,01;0,08;0,61
5,797;0,04;0,12;0,63
5,802;0,06;0,15;0,63
5,807;0,08;0,18;0,64
5,813;0,08;0,19;0,65
5,818;0,07;0,20;0,68
5,822;0,04;0,20;0,71
5,827;-0,00;0,22;0,71
5,832;-0,00;0,24;0,73
5,838;-0,03;0,28;0,74
5,842;-0,05;0,29;0,74
5,847;-0,05;0,29;0,75
5,852;-0,03;0,32;0,77
5,858;-0,02;0,35;0,79
5,862;0,01;0,38;0,82
5,873;0,02;0,40;0,83
5,876;0,00;0,42;0,83
5,879;-0,01;0,46;0,84
5,882;-0,03;0,49;0,86
5,894;-0,04;0,50;0,88
5,895;-0,03;0,50;0,88
5,897;-0,03;0,52;0,90
5,904;-0,03;0,54;0,89
5,907;-0,02;0,55;0,90
5,912;0,00;0,57;0,90
5,918;0,01;0,59;0,91
5,922;0,01;0,61;0,93
5,927;-0,00;0,62;0,94
5,932;-0,02;0,66;0,96
5,938;-0,05;0,68;0,96
5,942;-0,05;0,70;0,96
5,948;-0,04;0,72;0,96
5,953;-0,02;0,73;0,97
5,958;0,00;0,73;0,97
5,962;0,00;0,75;0,99
5,968;0,03;0,77;1,00
5,973;0,03;0,79;1,00
5,978;0,04;0,82;1,00
5,983;0,02;0,83;1,00
5,988;0,00;0,86;1,00
5,993;-0,02;0,89;1,01
5,999;-0,02;0,92;1,02
6,003;-0,00;0,93;1,02
6,009;0,01;0,95;1,02
6,020;0,04;0,97;1,01
6,021;0,07;1,00;1,01
6,026;0,08;1,00;1,01
6,029;0,08;1,01;1,02
6,052;0,08;1,03;1,01
6,053;0,09;1,05;1,00
6,053;0,09;1,07;0,99
6,054;0,09;1,08;0,98
6,054;0,08;1,09;0,96
6,059;0,08;1,09;0,98
6,063;0,07;1,11;0,99
6,069;0,07;1,13;1,00
6,074;0,06;1,14;0,98
6,079;0,08;1,14;0,96
6,084;0,08;1,14;0,95
6,089;0,09;1,14;0,94
6,094;0,10;1,16;0,94
6,100;0,10;1,16;0,94
6,104;0,10;1,17;0,94
6,109;0,10;1,17;0,94
6,114;0,11;1,17;0,93
6,120;0,11;1,18;0,91
6,124;0,12;1,19;0,89
6,129;0,13;1,19;0,87
6,134;0,14;1,18;0,87
6,140;0,16;1,19;0,86
6,149;0,15;1,19;0,86
6,151;0,17;1,20;0,84
6,154;0,17;1,20;0,82
6,171;0,16;1,20;0,82
6,172;0,16;1,20;0,80
6,172;0,17;1,19;0,78
6,180;0,17;1,20;0,77
6,181;0,17;1,22;0,76
6,184;0,18;1,22;0,74
6,189;0,19;1,22;0,73
6,194;0,21;1,22;0,70
6,200;0,21;1,22;0,68
6,204;0,22;1,24;0,68
6,210;0,22;1,24;0,66
6,214;0,22;1,23;0,63
6,220;0,22;1,24;0,62
6,225;0,22;1,24;0,62
6,230;0,22;1,24;0,60
6,235;0,23;1,24;0,58
6,240;0,23;1,23;0,56
6,245;0,24;1,22;0,53
6,250;0,23;1,22;0,51
6,255;0,24;1,21;0,49
6,261;0,25;1,21;0,47
6,265;0,25;1,20;0,45
6,270;0,25;1,19;0,43
6,275;0,25;1,17;0,40
6,281;0,25;1,18;0,38
6,285;0,25;1,17;0,35
6,294;0,25;1,17;0,35
6,297;0,25;1,15;0,34
6,301;0,26;1,14;0,32
6,329;0,26;1,14;0,29
6,330;0,26;1,15;0,26
6,330;0,26;1,14;0,25
6,330;0,25;1,13;0,22
6,331;0,26;1,12;0,20
6,331;0,25;1,11;0,18
6,335;0,25;1,11;0,15
6,341;0,24;1,09;0,13
6,346;0,25;1,08;0,10
6,351;0,25;1,08;0,08
6,356;0,24;1,08;0,05
6,361;0,22;1,07;0,05
6,365;0,22;1,06;0,03
6,370;0,22;1,05;0,01
6,375;0,22;1,03;-0,01
6,381;0,21;1,01;-0,04
6,385;0,22;0,99;-0,07
6,391;0,21;0,98;-0,09
6,396;0,19;0,97;-0,11
6,402;0,19;0,97;-0,13
6,406;0,19;0,95;-0,16
6,411;0,20;0,92;-0,19
6,416;0,21;0,90;-0,20
6,422;0,23;0,91;-0,22
6,426;0,23;0,91;-0,22
6,431;0,23;0,90;-0,24
6,447;0,22;0,88;-0,27
6,447;0,21;0,85;-0,30
6,447;0,18;0,84;-0,32
6,456;0,16;0,83;-0,34
6,457;0,15;0,85;-0,36
6,462;0,16;0,84;-0,38
6,466;0,16;0,76;-0,40
6,471;0,16;0,72;-0,41
6,476;0,14;0,74;-0,44
6,482;0,11;0,71;-0,46
6,487;0,09;0,65;-0,48
6,491;0,09;0,65;-0,48
6,496;0,09;0,59;-0,50
6,502;0,09;0,56;-0,52
6,507;0,11;0,57;-0,53
6,512;0,13;0,56;-0,55
6,517;0,14;0,54;-0,58
6,522;0,13;0,53;-0,59
6,527;0,10;0,53;-0,59
6,531;0,07;0,53;-0,62
6,537;0,05;0,52;-0,64
6,542;0,02;0,49;-0,64
6,552;0,02;0,45;-0,66
6,553;0,04;0,42;-0,68
6,557;0,05;0,42;-0,68
6,575;0,05;0,39;-0,70
6,576;0,07;0,35;-0,71
6,577;0,07;0,30;-0,72
6,577;0,06;0,27;-0,74
6,585;0,04;0,25;-0,76
6,587;0,01;0,26;-0,76
6,592;-0,01;0,26;-0,78
6,597;-0,02;0,25;-0,79
6,603;-0,02;0,23;-0,80
6,607;-0,01;0,22;-0,80
6,612;0,01;0,19;-0,82
6,617;0,02;0,16;-0,84
6,623;0,02;0,16;-0,84
6,629;0,01;0,12;-0,84
6,632;0,01;0,07;-0,84
6,637;-0,01;0,03;-0,86
6,644;-0,03;-0,00;-0,88
6,648;-0,04;-0,02;-0,88
6,652;-0,05;-0,04;-0,89
6,658;-0,04;-0,06;-0,89
6,663;-0,03;-0,06;-0,91
6,667;-0,02;-0,07;-0,91
6,673;-0,02;-0,08;-0,92
6,678;-0,02;-0,10;-0,92
6,683;-0,03;-0,13;-0,93
6,688;-0,03;-0,13;-0,94
6,694;-0,03;-0,16;-0,94
6,698;-0,03;-0,20;-0,94
6,704;-0,04;-0,23;-0,94
6,720;-0,05;-0,27;-0,95
6,721;-0,04;-0,30;-0,95
6,726;-0,03;-0,32;-0,95
6,727;-0,02;-0,33;-0,96
6,727;-0,02;-0,34;-0,96
6,741;-0,02;-0,35;-0,96
6,741;-0,02;-0,36;-0,96
6,744;-0,02;-0,37;-0,96
6,748;-0,02;-0,39;-0,96
6,753;-0,02;-0,42;-0,96
6,758;-0,01;-0,42;-0,96
6,764;-0,01;-0,46;-0,97
6,769;-0,00;-0,48;-0,97
6,773;-0,00;-0,52;-0,96
6,779;0,00;-0,55;-0,96
6,784;0,01;-0,58;-0,96
6,790;0,01;-0,59;-0,96
6,793;0,00;-0,59;-0,95
6,798;0,01;-0,60;-0,95
6,805;0,03;-0,63;-0,95
6,809;0,03;-0,66;-0,94
6,814;0,05;-0,67;-0,93
6,819;0,06;-0,69;-0,93
6,827;0,06;-0,69;-0,93
6,829;0,06;-0,69;-0,92
6,834;0,07;-0,71;-0,91
6,846;0,08;-0,75;-0,91
6,848;0,09;-0,78;-0,90
6,850;0,10;-0,79;-0,89
6,870;0,11;-0,79;-0,88
6,870;0,11;-0,81;-0,87
6,871;0,12;-0,84;-0,86
6,871;0,13;-0,86;-0,85
6,874;0,14;-0,90;-0,85
6,879;0,14;-0,93;-0,84
6,885;0,11;-0,94;-0,81
6,889;0,05;-0,94;-0,81
6,894;0,05;-0,92;-0,80
6,899;-0,02;-0,92;-0,79
6,905;-0,06;-0,93;-0,78
6,909;-0,07;-0,99;-0,76
6,914;-0,04;-1,05;-0,76
6,919;0,07;-1,05;-0,76
6,925;0,19;-0,98;-0,74
6,930;0,28;-0,95;-0,72
6,935;0,32;-0,97;-0,69
6,940;0,29;-0,99;-0,66
6,945;0,23;-0,98;-0,65
6,950;0,15;-0,96;-0,66
6,956;0,11;-0,96;-0,65
6,960;0,12;-0,98;-0,65
6,965;0,12;-1,06;-0,62
6,981;0,17;-1,14;-0,59
6,982;0,24;-1,16;-0,57
6,982;0,29;-1,14;-0,56
6,986;0,31;-1,13;-0,54
6,990;0,28;-1,15;-0,53
6,995;0,22;-1,15;-0,51
7,000;0,16;-1,12;-0,49
7,006;0,15;-1,10;-0,48
7,010;0,18;-1,10;-0,44
7,017;0,24;-1,11;-0,40
7,020;0,32;-1,11;-0,39
7,026;0,37;-1,11;-0,39
7,030;0,37;-1,12;-0,38
7,035;0,39;-1,13;-0,35
7,040;0,35;-1,13;-0,32
7,046;0,30;-1,15;-0,29
7,051;0,24;-1,19;-0,28
7,056;0,20;-1,21;-0,26
7,061;0,20;-1,19;-0,24
7,067;0,23;-1,19;-0,21
7,071;0,29;-1,20;-0,19
7,076;0,33;-1,18;-0,17
7,082;0,35;-1,16;-0,14
7,087;0,35;-1,15;-0,13
7,091;0,32;-1,15;-0,13
7,097;0,32;-1,14;-0,10
7,101;0,29;-1,14;-0,07
7,106;0,26;-1,15;-0,03
7,111;0,26;-1,15;-0,01
7,118;0,28;-1,15;0,00
7,123;0,31;-1,16;0,02
7,148;0,34;-1,17;0,04
7,148;0,34;-1,18;0,07
7,148;0,33;-1,17;0,11
7,149;0,29;-1,15;0,12
7,149;0,26;-1,14;0,15
7,151;0,24;-1,14;0,16
7,156;0,25;-1,14;0,16
7,161;0,25;-1,14;0,16
7,167;0,27;-1,12;0,20
7,171;0,30;-1,11;0,23
7,177;0,31;-1,12;0,26
7,181;0,32;-1,11;0,29
7,187;0,30;-1,09;0,31
7,191;0,27;-1,08;0,31
7,197;0,26;-1,08;0,33
7,201;0,24;-1,06;0,36
7,207;0,24;-1,06;0,39
7,212;0,25;-1,05;0,40
7,216;0,26;-1,04;0,43
7,221;0,27;-1,04;0,44
7,231;0,28;-1,03;0,44
7,232;0,28;-1,02;0,45
7,237;0,28;-1,01;0,48
7,265;0,27;-1,01;0,50
7,266;0,25;-1,00;0,51
7,266;0,22;-0,99;0,53
7,267;0,21;-0,98;0,56
7,267;0,21;-0,97;0,58
7,268;0,21;-0,97;0,58
7,272;0,21;-0,95;0,60
7,277;0,22;-0,93;0,62
7,282;0,22;-0,93;0,65
7,288;0,21;-0,92;0,66
7,292;0,20;-0,92;0,66
7,297;0,20;-0,91;0,68
7,302;0,19;-0,90;0,69
7,308;0,17;-0,88;0,70
7,312;0,16;-0,86;0,72
7,317;0,15;-0,85;0,73
7,323;0,16;-0,83;0,74
7,328;0,17;-0,81;0,76
7,333;0,18;-0,81;0,77
7,338;0,21;-0,80;0,78
7,342;0,22;-0,77;0,79
7,348;0,22;-0,76;0,81
7,353;0,21;-0,75;0,82
7,357;0,20;-0,75;0,82
7,362;0,20;-0,74;0,83
7,369;0,18;-0,70;0,81
7,378;0,15;-0,67;0,82
7,381;0,12;-0,65;0,82
7,383;0,09;-0,63;0,84
7,390;0,06;-0,61;0,85
7,407;0,07;-0,59;0,86
7,408;0,08;-0,54;0,88
7,408;0,10;-0,51;0,89
7,409;0,12;-0,48;0,89
7,413;0,13;-0,43;0,88
7,418;0,12;-0,38;0,89
7,423;0,11;-0,38;0,89
7,428;0,11;-0,34;0,90
7,433;0,09;-0,30;0,92
7,438;0,09;-0,29;0,92
7,443;0,09;-0,29;0,91
7,449;0,10;-0,27;0,91
7,453;0,10;-0,25;0,92
7,458;0,09;-0,24;0,93
7,463;0,08;-0,22;0,92
7,469;0,07;-0,20;0,91
7,473;0,07;-0,19;0,91
7,478;0,06;-0,18;0,91
7,483;0,06;-0,16;0,92
7,489;0,06;-0,16;0,92
7,493;0,06;-0,15;0,92
7,498;0,06;-0,13;0,91
7,511;0,06;-0,10;0,91
7,514;0,06;-0,06;0,90
7,514;0,07;-0,03;0,90
7,545;0,07;-0,00;0,90
7,546;0,08;0,03;0,89
7,546;0,08;0,06;0,90
7,546;0,08;0,10;0,89
7,547;0,08;0,12;0,89
7,547;0,07;0,13;0,87
7,555;0,07;0,14;0,87
7,555;0,06;0,14;0,86
7,559;0,07;0,16;0,86
7,564;0,07;0,18;0,86
7,570;0,08;0,20;0,85
7,574;0,08;0,22;0,84
7,579;0,09;0,23;0,83
7,584;0,09;0,27;0,81
7,590;0,09;0,30;0,81
7,594;0,09;0,32;0,81
7,599;0,10;0,35;0,80
7,604;0,10;0,38;0,80
7,609;0,11;0,39;0,78
7,614;0,11;0,41;0,76
7,619;0,10;0,43;0,74
7,624;0,11;0,43;0,74
7,635;0,11;0,45;0,74
7,636;0,12;0,47;0,73
7,639;0,12;0,49;0,72
7,644;0,12;0,51;0,70
7,660;0,12;0,53;0,67
7,660;0,13;0,54;0,67
7,660;0,14;0,57;0,65
7,669;0,14;0,60;0,64
7,671;0,13;0,62;0,62
7,675;0,15;0,63;0,61
7,679;0,15;0,65;0,59
7,685;0,16;0,68;0,57
7,691;0,16;0,68;0,57
7,695;0,16;0,69;0,56
7,700;0,16;0,72;0,55
7,705;0,16;0,74;0,52
7,712;0,17;0,76;0,51
7,715;0,17;0,78;0,49
7,720;0,17;0,80;0,46
7,725;0,17;0,82;0,44
7,731;0,19;0,84;0,43
7,735;0,18;0,85;0,41
7,740;0,19;0,86;0,38
7,745;0,18;0,88;0,35
7,751;0,19;0,90;0,34
7,755;0,20;0,90;0,34
7,762;0,20;0,91;0,33
7,765;0,19;0,94;0,31
7,771;0,19;0,95;0,29
7,783;0,19;0,97;0,26
7,785;0,19;0,99;0,23
7,787;0,20;1,00;0,21
7,811;0,20;1,01;0,19
7,812;0,20;1,02;0,17
7,812;0,20;1,03;0,15
7,812;0,20;1,05;0,13
7,813;0,20;1,06;0,11
7,816;0,20;1,05;0,08
7,820;0,20;1,05;0,05
7,826;0,21;1,05;0,05
7,831;0,21;1,06;0,04
7,836;0,20;1,08;0,01
7,841;0,21;1,09;-0,01
7,846;0,21;1,09;-0,03
7,852;0,21;1,10;-0,05
7,856;0,21;1,11;-0,08
7,861;0,22;1,11;-0,11
7,866;0,22;1,12;-0,14
7,873;0,21;1,12;-0,16
7,876;0,22;1,12;-0,19
7,881;0,21;1,13;-0,20
7,886;0,22;1,14;-0,22
7,892;0,23;1,14;-0,22
7,896;0,23;1,14;-0,26
7,901;0,23;1,15;-0,28
7,910;0,24;1,16;-0,30
7,912;0,23;1,17;-0,33
7,918;0,23;1,17;-0,35
7,940;0,22;1,18;-0,37
7,941;0,20;1,18;-0,40
7,941;0,18;1,18;-0,41
7,941;0,18;1,19;-0,42
7,942;0,18;1,19;-0,45
7,946;0,17;1,19;-0,47
7,952;0,17;1,19;-0,50
7,957;0,18;1,19;-0,50
7,962;0,18;1,19;-0,51
7,967;0,17;1,16;-0,53
7,972;0,18;1,16;-0,55
7,977;0,18;1,16;-0,57
7,982;0,17;1,15;-0,59
7,987;0,17;1,11;-0,61
7,993;0,17;1,10;-0,62
7,997;0,17;1,09;-0,64
8,003;0,17;1,10;-0,67
8,007;0,16;1,11;-0,70
8,013;0,15;1,10;-0,70
8,017;0,14;1,10;-0,71
8,022;0,14;1,10;-0,71
8,027;0,14;1,12;-0,73
8,034;0,13;1,13;-0,74
8,037;0,12;1,12;-0,76
8,042;0,11;1,10;-0,77
8,048;0,11;1,08;-0,79
8,057;0,10;1,07;-0,81
8,060;0,10;1,07;-0,82
8,062;0,10;1,04;-0,83
8,085;0,09;1,02;-0,84
8,086;0,08;1,02;-0,86
8,086;0,08;1,01;-0,87
8,086;0,08;1,00;-0,88
8,088;0,07;1,00;-0,89
8,094;0,05;0,99;-0,89
8,098;0,05;0,98;-0,90
8,103;0,05;0,98;-0,91
8,108;0,04;0,97;-0,92
8,113;0,05;0,96;-0,92
8,118;0,05;0,94;-0,94
8,123;0,03;0,92;-0,95
8,128;0,02;0,92;-0,95
8,134;0,00;0,91;-0,96
8,139;0,00;0,89;-0,96
8,143;-0,01;0,88;-0,96
8,149;-0,02;0,87;-0,97
8,154;-0,03;0,85;-0,97
8,158;-0,03;0,85;-0,97
8,165;-0,03;0,83;-0,99
8,168;-0,02;0,82;-0,98
8,174;-0,02;0,80;-0,98
8,179;-0,02;0,78;-0,98
8,184;-0,02;0,77;-0,99
8,189;-0,02;0,75;-0,99
8,195;-0,02;0,74;-0,99
8,203;-0,03;0,72;-0,99
8,210;-0,03;0,70;-0,99
8,210;-0,02;0,68;-0,99
8,216;-0,02;0,67;-0,98
8,225;-0,03;0,65;-0,99
8,226;-0,03;0,65;-0,99
8,234;-0,03;0,64;-0,99
8,235;-0,02;0,62;-0,99
8,239;-0,01;0,60;-0,99
8,245;-0,01;0,58;-0,98
8,249;-0,01;0,57;-0,98
8,255;0,00;0,55;-0,98
8,259;0,01;0,54;-0,97
8,264;-0,02;0,53;-0,96
8,269;-0,05;0,49;-0,94
8,275;-0,10;0,49;-0,93
8,279;-0,14;0,46;-0,94
8,284;-0,16;0,42;-0,94
8,289;-0,16;0,42;-0,94
8,294;-0,16;0,39;-0,93
8,299;-0,14;0,40;-0,90
8,304;-0,11;0,42;-0,89
8,316;-0,07;0,40;-0,90
8,317;-0,03;0,35;-0,90
8,319;-0,01;0,29;-0,89
8,324;0,01;0,26;-0,87
8,343;-0,00;0,25;-0,84
8,344;-0,04;0,23;-0,84
8,344;-0,07;0,19;-0,83
8,345;-0,10;0,14;-0,83
8,349;-0,10;0,14;-0,82
8,355;-0,08;0,14;-0,82
8,360;-0,08;0,15;-0,80
8,365;-0,05;0,15;-0,78
8,370;-0,01;0,11;-0,76
8,376;0,02;0,06;-0,76
8,380;0,05;0,05;-0,75
8,385;0,05;0,06;-0,74
8,392;0,01;0,04;-0,72
8,396;-0,03;-0,01;-0,71
8,400;-0,05;-0,06;-0,68
8,405;-0,07;-0,08;-0,67
8,411;-0,06;-0,06;-0,66
8,416;-0,03;-0,08;-0,65
8,420;0,02;-0,08;-0,63
8,425;0,06;-0,12;-0,63
8,430;0,06;-0,17;-0,61
8,436;0,09;-0,18;-0,59
8,446;0,09;-0,19;-0,57
8,449;0,06;-0,18;-0,56
8,451;0,03;-0,23;-0,53
8,472;0,01;-0,27;-0,53
8,473;0,01;-0,30;-0,51
8,473;0,03;-0,30;-0,49
8,473;0,06;-0,31;-0,47
8,476;0,10;-0,32;-0,44
8,480;0,12;-0,35;-0,43
8,486;0,14;-0,38;-0,41
8,491;0,14;-0,38;-0,41
8,496;0,14;-0,40;-0,39
8,501;0,13;-0,41;-0,36
8,505;0,11;-0,43;-0,34
8,511;0,10;-0,47;-0,32
8,517;0,10;-0,49;-0,30
8,522;0,11;-0,51;-0,28
8,526;0,13;-0,51;-0,26
8,531;0,15;-0,52;-0,23
8,538;0,17;-0,55;-0,22
8,541;0,19;-0,57;-0,20
8,546;0,20;-0,59;-0,17
8,551;0,20;-0,61;-0,14
8,557;0,19;-0,61;-0,14
8,561;0,19;-0,63;-0,12
8,566;0,18;-0,64;-0,11
8,571;0,17;-0,66;-0,08
8,577;0,16;-0,69;-0,04
8,581;0,17;-0,71;-0,02
8,593;0,17;-0,70;-0,00
8,594;0,16;-0,70;0,01
8,599;0,16;-0,72;0,05
8,601;0,16;-0,77;0,08
8,619;0,16;-0,79;0,09
8,620;0,18;-0,79;0,10
8,620;0,19;-0,79;0,14
8,621;0,20;-0,79;0,14
8,626;0,20;-0,82;0,16
8,631;0,20;-0,85;0,19
8,637;0,19;-0,87;0,21
8,641;0,18;-0,86;0,21
8,646;0,17;-0,86;0,24
8,651;0,16;-0,91;0,27
8,657;0,18;-0,94;0,28
8,662;0,22;-0,92;0,30
8,666;0,26;-0,89;0,33
8,672;0,30;-0,90;0,36
8,678;0,30;-0,92;0,40
8,682;0,30;-0,93;0,41
8,687;0,29;-0,93;0,41
8,692;0,27;-0,93;0,41
8,698;0,27;-0,94;0,43
8,702;0,26;-0,95;0,47
8,707;0,26;-0,99;0,49
8,712;0,25;-1,03;0,51
8,720;0,24;-1,04;0,52
8,724;0,25;-1,03;0,55
8,727;0,25;-1,03;0,56
8,747;0,25;-1,04;0,58
8,747;0,24;-1,04;0,60
8,747;0,24;-1,03;0,62
8,748;0,24;-1,02;0,65
8,752;0,25;-1,03;0,66
8,758;0,26;-1,03;0,66
8,763;0,26;-1,03;0,68
8,768;0,27;-1,04;0,69
8,772;0,28;-1,06;0,71
8,778;0,28;-1,06;0,74
8,783;0,27;-1,06;0,76
8,787;0,25;-1,08;0,77
8,793;0,22;-1,09;0,77
8,798;0,20;-1,09;0,79
8,803;0,18;-1,08;0,81
8,808;0,19;-1,07;0,83
8,812;0,20;-1,08;0,85
8,818;0,21;-1,08;0,85
8,823;0,23;-1,08;0,85
8,828;0,23;-1,06;0,86
8,833;0,24;-1,06;0,87
8,839;0,23;-1,06;0,89
8,845;0,21;-1,06;0,91
8,848;0,18;-1,07;0,92
8,853;0,17;-1,07;0,93
8,859;0,16;-1,07;0,93
8,867;0,15;-1,07;0,94
8,870;0,16;-1,07;0,95
8,873;0,16;-1,08;0,96
8,899;0,16;-1,07;0,98
8,899;0,15;-1,05;0,98
8,900;0,14;-1,05;0,98
8,900;0,14;-1,03;0,99
8,900;0,13;-1,03;0,99
8,903;0,14;-1,02;0,99
8,909;0,14;-1,02;1,00
8,913;0,13;-1,01;1,01
8,919;0,12;-1,00;1,01
8,923;0,11;-1,00;1,01
8,928;0,11;-1,01;1,01
8,933;0,10;-1,00;1,02
8,940;0,10;-0,98;1,02
8,944;0,10;-0,97;1,02
8,949;0,09;-0,97;1,02
8,954;0,08;-0,97;1,03
8,960;0,07;-0,97;1,03
8,964;0,07;-0,95;1,02
8,969;0,07;-0,93;1,02
8,974;0,06;-0,93;1,01
8,980;0,05;-0,93;1,02
8,984;0,05;-0,93;1,02
8,991;0,04;-0,92;1,01
8,994;0,04;-0,89;1,01
9,000;0,03;-0,88;1,00
9,004;0,04;-0,88;0,99
9,009;0,05;-0,87;1,00
9,014;0,03;-0,87;0,99
9,022;0,02;-0,87;0,97
9,033;0,02;-0,86;0,97
9,034;0,02;-0,84;0,97
9,034;0,01;-0,83;0,97
9,055;-0,00;-0,81;0,96
9,056;0,00;-0,80;0,96
9,056;-0,00;-0,78;0,94
9,057;-0,00;-0,77;0,92
9,060;0,00;-0,77;0,92
9,064;0,01;-0,76;0,91
9,071;0,01;-0,74;0,91
9,075;0,01;-0,71;0,90
9,080;0,00;-0,70;0,88
9,084;-0,00;-0,69;0,86
9,089;-0,02;-0,69;0,86
9,095;-0,02;-0,67;0,85
9,100;-0,02;-0,66;0,83
9,105;-0,03;-0,66;0,82
9,110;-0,02;-0,64;0,81
9,115;-0,01;-0,57;0,79
9,120;-0,01;-0,55;0,78
9,125;0,01;-0,59;0,78
9,131;0,03;-0,57;0,76
9,143;0,04;-0,51;0,71
9,145;0,03;-0,47;0,68
9,145;0,02;-0,46;0,69
9,170;0,02;-0,47;0,71
9,171;0,01;-0,47;0,71
9,171;0,01;-0,46;0,68
9,171;-0,00;-0,41;0,64
9,171;-0,01;-0,35;0,62
9,175;-0,02;-0,33;0,60
9,181;-0,02;-0,34;0,59
9,185;-0,02;-0,32;0,58
9,190;-0,02;-0,27;0,57
9,195;-0,02;-0,22;0,54
9,201;-0,02;-0,20;0,51
9,205;-0,01;-0,22;0,49
9,210;-0,01;-0,22;0,48
9,216;0,00;-0,19;0,47
9,221;-0,00;-0,19;0,47
9,226;-0,00;-0,15;0,44
9,230;-0,01;-0,14;0,42
9,236;-0,00;-0,14;0,40
9,242;0,00;-0,13;0,37
9,246;0,01;-0,10;0,34
9,251;0,01;-0,05;0,33
9,256;0,02;-0,04;0,32
9,262;0,03;-0,03;0,30
9,266;0,04;-0,00;0,27
9,271;0,04;0,03;0,24
9,276;0,04;0,08;0,21
9,288;0,03;0,10;0,21
9,293;0,03;0,10;0,19
9,293;0,04;0,10;0,19
9,299;0,04;0,11;0,17
9,319;0,05;0,14;0,13
9,319;0,05;0,17;0,10
9,320;0,06;0,18;0,08
9,320;0,06;0,19;0,06
9,322;0,06;0,20;0,04
9,326;0,07;0,23;0,03
9,332;0,07;0,27;0,00
9,337;0,07;0,29;-0,03
9,342;0,07;0,30;-0,05
9,346;0,08;0,32;-0,07
9,351;0,08;0,35;-0,10
9,356;0,08;0,35;-0,10
9,362;0,08;0,37;-0,13
9,366;0,09;0,38;-0,14
9,371;0,08;0,39;-0,18
9,377;0,09;0,41;-0,20
9,382;0,09;0,43;-0,22
9,387;0,11;0,45;-0,24
9,392;0,11;0,46;-0,26
9,397;0,11;0,48;-0,28
9,402;0,11;0,50;-0,31
9,407;0,12;0,52;-0,33
9,417;0,13;0,54;-0,36
9,419;0,11;0,56;-0,38
9,423;0,11;0,56;-0,38
9,446;0,11;0,57;-0,40
9,447;0,09;0,59;-0,42
9,447;0,10;0,61;-0,44
9,447;0,10;0,63;-0,46
9,448;0,12;0,65;-0,49
9,452;0,12;0,66;-0,51
9,457;0,12;0,68;-0,53
9,463;0,13;0,70;-0,54
9,468;0,12;0,72;-0,56
9,472;0,11;0,73;-0,60
9,478;0,10;0,74;-0,61
9,483;0,10;0,76;-0,63
9,487;0,10;0,76;-0,63
9,493;0,10;0,77;-0,65
9,498;0,11;0,80;-0,66
9,503;0,12;0,82;-0,68
9,508;0,12;0,83;-0,70
9,513;0,11;0,84;-0,72
9,518;0,11;0,85;-0,74
9,524;0,10;0,86;-0,76
9,528;0,09;0,88;-0,77
9,533;0,08;0,90;-0,79
9,538;0,07;0,91;-0,81
9,544;0,07;0,91;-0,83
9,548;0,08;0,92;-0,84
9,553;0,09;0,92;-0,85
9,563;0,09;0,94;-0,85
9,566;0,09;0,95;-0,87
9,568;0,08;0,94;-0,88
9,589;0,07;0,95;-0,90
9,589;0,06;0,96;-0,91
9,590;0,05;0,96;-0,93
9,590;0,04;0,97;-0,94
9,593;0,04;0,98;-0,94
9,599;0,03;0,99;-0,95
9,605;0,04;1,00;-0,96
9,608;0,05;1,00;-0,98
9,613;0,04;1,01;-0,99
9,618;0,03;1,01;-0,99
9,624;0,02;1,01;-0,99
9,628;0,02;1,01;-1,00
9,633;0,02;1,02;-1,01
9,638;0,01;1,02;-1,02
9,644;-0,01;1,03;-1,02
9,648;-0,01;1,03;-1,02
9,653;-0,01;1,03;-1,03
9,658;-0,00;1,04;-1,05
9,665;-0,01;1,04;-1,05
9,669;-0,02;1,05;-1,06
9,674;-0,02;1,05;-1,05
9,679;-0,03;1,05;-1,06
9,685;-0,04;1,05;-1,06
9,689;-0,05;1,05;-1,06
9,694;-0,05;1,05;-1,07
9,699;-0,05;1,05;-1,08
9,710;-0,05;1,05;-1,08
9,711;-0,06;1,06;-1,07
9,714;-0,06;1,06;-1,06
9,737;-0,08;1,05;-1,07
9,738;-0,09;1,04;-1,07
9,738;-0,09;1,03;-1,07
9,738;-0,10;1,03;-1,06
9,739;-0,09;1,03;-1,05
9,745;-0,09;1,02;-1,05
9,751;-0,09;1,01;-1,04
9,754;-0,09;1,01;-1,04
9,759;-0,09;1,00;-1,05
9,766;-0,10;0,99;-1,04
9,769;-0,11;0,98;-1,03
9,774;-0,12;0,98;-1,03
9,780;-0,13;0,98;-1,01
9,785;-0,14;0,98;-1,00
9,789;-0,14;0,98;-1,00
9,794;-0,14;0,98;-0,99
9,799;-0,13;0,97;-0,98
9,806;-0,14;0,96;-0,97
9,810;-0,15;0,96;-0,96
9,815;-0,15;0,95;-0,95
9,820;-0,15;0,95;-0,95
9,826;-0,16;0,94;-0,95
9,836;-0,16;0,93;-0,94
9,837;-0,17;0,92;-0,92
9,866;-0,17;0,92;-0,89
9,866;-0,17;0,91;-0,88
9,867;-0,16;0,90;-0,88
9,867;-0,16;0,88;-0,87
9,868;-0,17;0,87;-0,85
9,868;-0,17;0,86;-0,83
9,870;-0,17;0,85;-0,82
9,875;-0,18;0,84;-0,80
9,880;-0,17;0,83;-0,79
9,886;-0,18;0,83;-0,77
9,890;-0,18;0,81;-0,77
9,896;-0,18;0,80;-0,75
9,901;-0,18;0,79;-0,73
9,906;-0,18;0,78;-0,71
9,910;-0,18;0,77;-0,70
9,915;-0,17;0,75;-0,68
9,920;-0,17;0,73;-0,67
9,926;-0,17;0,73;-0,65
9,930;-0,17;0,72;-0,63
9,935;-0,17;0,70;-0,61
9,940;-0,17;0,68;-0,59
9,950;-0,17;0,66;-0,57
9,956;-0,16;0,65;-0,56
9,956;-0,16;0,65;-0,56
9,975;-0,16;0,63;-0,53
9,976;-0,15;0,62;-0,52
9,977;-0,15;0,60;-0,48
9,977;-0,15;0,59;-0,47
9,981;-0,15;0,57;-0,45
9,987;-0,14;0,55;-0,43
9,991;-0,13;0,53;-0,41
9,996;-0,12;0,52;-0,38
10,001;-0,12;0,50;-0,36
10,007;-0,11;0,48;-0,34
10,011;-0,11;0,47;-0,31
10,016;-0,10;0,44;-0,30
10,021;-0,09;0,44;-0,30
10,027;-0,09;0,43;-0,27
10,032;-0,09;0,41;-0,26
10,036;-0,07;0,39;-0,23
10,042;-0,06;0,38;-0,21
10,047;-0,05;0,37;-0,19
10,052;-0,04;0,36;-0,16
10,058;-0,03;0,33;-0,14
10,062;-0,02;0,31;-0,13
10,067;-0,01;0,30;-0,10
10,072;0,00;0,29;-0,07
10,077;-0,02;0,27;-0,03
10,082;-0,06;0,26;-0,00
10,087;-0,09;0,26;-0,00
10,096;-0,09;0,23;-0,00
10,097;-0,12;0,19;0,01
10,102;-0,11;0,16;0,03
10,120;-0,09;0,16;0,07
10,121;-0,05;0,15;0,10
10,121;-0,03;0,13;0,13
10,122;-0,00;0,10;0,14
10,128;0,00;0,06;0,16
10,132;-0,01;0,05;0,17
10,137;-0,03;0,04;0,19
10,142;-0,04;0,01;0,22
10,148;-0,04;-0,02;0,26
10,152;-0,03;-0,02;0,27
10,157;-0,01;-0,05;0,27
10,162;-0,01;-0,08;0,28
10,168;0,01;-0,09;0,30
10,173;0,04;-0,11;0,32
10,178;0,05;-0,14;0,35
10,183;0,05;-0,15;0,37
10,188;0,06;-0,16;0,39
10,193;0,07;-0,18;0,41
10,198;0,07;-0,20;0,43
10,203;0,08;-0,23;0,44
10,209;0,09;-0,24;0,45
10,213;0,09;-0,25;0,48
10,217;0,09;-0,26;0,50
10,224;0,09;-0,26;0,50
10,229;0,09;-0,28;0,53
10,233;0,10;-0,31;0,55
10,242;0,10;-0,33;0,56
10,247;0,10;-0,35;0,56
10,248;0,10;-0,36;0,59
10,279;0,10;-0,38;0,62
10,280;0,10;-0,41;0,63
10,280;0,11;-0,43;0,65
10,280;0,12;-0,44;0,66
10,280;0,13;-0,45;0,68
10,281;0,13;-0,47;0,70
10,288;0,15;-0,50;0,71
10,289;0,15;-0,50;0,71
10,294;0,15;-0,51;0,73
10,298;0,15;-0,53;0,75
10,304;0,16;-0,55;0,76
10,309;0,16;-0,56;0,77
10,314;0,16;-0,59;0,78
10,318;0,16;-0,61;0,80
10,324;0,17;-0,62;0,82
10,329;0,18;-0,64;0,83
10,333;0,16;-0,69;0,84
10,339;0,13;-0,69;0,85
10,343;0,07;-0,66;0,87
10,355;-0,00;-0,66;0,88
10,355;-0,05;-0,66;0,88
10,359;-0,05;-0,68;0,89
10,365;-0,06;-0,73;0,90
10,384;-0,03;-0,79;0,91
10,384;0,04;-0,81;0,92
10,385;0,13;-0,79;0,92
10,385;0,21;-0,74;0,92
10,390;0,25;-0,75;0,95
10,394;0,23;-0,77;0,97
10,399;0,19;-0,75;0,98
10,404;0,12;-0,74;0,95
10,409;0,07;-0,75;0,95
10,414;0,04;-0,81;0,96
10,419;0,07;-0,81;0,97
10,424;0,10;-0,86;0,97
10,431;0,10;-0,87;1,00
10,434;0,13;-0,87;1,00
10,439;0,17;-0,90;0,99
10,444;0,18;-0,94;0,98
10,450;0,14;-0,94;0,99
10,454;0,10;-0,92;1,00
10,459;0,04;-0,88;1,01
10,464;-0,00;-0,87;1,02
10,470;0,01;-0,89;1,01
10,475;0,04;-0,92;1,01
10,480;0,09;-0,92;0,99
10,485;0,12;-0,90;1,00
10,491;0,13;-0,90;1,00
10,505;0,13;-0,93;1,01
10,506;0,12;-0,98;1,01
10,506;0,09;-0,99;1,00
10,510;0,03;-1,00;0,99
10,530;-0,03;-1,00;0,99
10,530;-0,05;-1,00;0,99
10,530;-0,05;-0,99;0,98
10,531;-0,01;-0,98;0,98
10,535;0,02;-0,98;0,98
10,540;0,04;-0,96;0,96
10,545;0,07;-0,96;0,95
10,551;0,07;-0,96;0,94
10,555;0,02;-0,96;0,94
10,560;0,02;-0,98;0,94
10,565;-0,02;-1,00;0,94
10,571;-0,06;-1,00;0,94
10,577;-0,08;-1,01;0,92
10,580;-0,08;-1,02;0,89
10,585;-0,06;-1,01;0,89
10,592;-0,04;-1,02;0,88
10,595;-0,03;-1,02;0,88
10,600;-0,01;-1,00;0,86
10,605;-0,01;-0,95;0,84
10,611;-0,03;-0,94;0,83
10,615;-0,07;-0,96;0,81
10,621;-0,10;-0,96;0,81
10,641;-0,10;-0,97;0,80
10,644;-0,12;-0,96;0,78
10,644;-0,13;-0,94;0,78
10,644;-0,11;-0,95;0,76
10,645;-0,10;-0,98;0,74
10,652;-0,07;-1,01;0,73
10,666;-0,07;-0,99;0,70
10,667;-0,07;-0,96;0,69
10,667;-0,09;-0,94;0,68
10,672;-0,12;-0,95;0,66
10,676;-0,14;-0,95;0,64
10,681;-0,15;-0,93;0,61
10,686;-0,15;-0,93;0,58
10,692;-0,13;-0,89;0,58
10,696;-0,13;-0,87;0,58
10,701;-0,12;-0,89;0,56
10,706;-0,11;-0,91;0,55
10,712;-0,11;-0,89;0,52
10,716;-0,11;-0,86;0,50
10,721;-0,13;-0,85;0,47
10,726;-0,14;-0,87;0,45
10,732;-0,15;-0,89;0,45
10,738;-0,15;-0,86;0,43
10,741;-0,14;-0,81;0,40
10,746;-0,14;-0,80;0,37
10,752;-0,13;-0,80;0,35
10,757;-0,12;-0,82;0,35
10,761;-0,12;-0,82;0,33
10,766;-0,12;-0,80;0,32
10,776;-0,13;-0,78;0,30
10,780;-0,14;-0,76;0,27
10,783;-0,15;-0,76;0,25
10,801;-0,15;-0,77;0,22
10,802;-0,14;-0,76;0,20
10,802;-0,13;-0,73;0,18
10,803;-0,12;-0,71;0,16
10,809;-0,12;-0,70;0,14
10,813;-0,11;-0,70;0,13
10,817;-0,11;-0,68;0,10
10,822;-0,11;-0,68;0,10
10,827;-0,11;-0,66;0,07
10,833;-0,12;-0,64;0,04
10,837;-0,13;-0,63;0,02
10,842;-0,12;-0,62;0,00
10,847;-0,12;-0,60;-0,02
10,853;-0,11;-0,58;-0,04
10,857;-0,10;-0,57;-0,07
10,862;-0,09;-0,56;-0,11
10,868;-0,08;-0,54;-0,14
10,873;-0,10;-0,54;-0,16
10,877;-0,11;-0,52;-0,17
10,884;-0,11;-0,52;-0,19
10,887;-0,11;-0,52;-0,19
10,893;-0,11;-0,49;-0,20
10,897;-0,10;-0,44;-0,22
10,902;-0,08;-0,44;-0,24
10,907;-0,05;-0,45;-0,25
10,914;-0,03;-0,44;-0,29
10,926;-0,02;-0,39;-0,34
10,932;-0,04;-0,36;-0,35
10,933;-0,06;-0,37;-0,34
10,934;-0,07;-0,37;-0,35
10,937;-0,07;-0,34;-0,39
10,945;-0,07;-0,29;-0,44
10,955;-0,06;-0,25;-0,45
10,955;-0,04;-0,25;-0,45
10,958;-0,04;-0,24;-0,46
10,965;-0,03;-0,26;-0,46
10,968;-0,01;-0,23;-0,47
10,974;-0,02;-0,18;-0,50
10,978;-0,03;-0,15;-0,53
10,983;-0,04;-0,14;-0,56
10,988;-0,05;-0,13;-0,57
10,993;-0,06;-0,11;-0,58
10,998;-0,06;-0,06;-0,58
11,003;-0,06;-0,02;-0,60
11,008;-0,05;-0,01;-0,63
11,013;-0,04;-0,01;-0,66
11,018;-0,03;-0,01;-0,68
11,023;-0,03;0,01;-0,68
11,029;-0,03;0,04;-0,68
11,034;-0,03;0,06;-0,69
11,038;-0,04;0,07;-0,70
11,043;-0,05;0,08;-0,72
11,051;-0,04;0,10;-0,74
11,054;-0,03;0,12;-0,76
11,059;-0,02;0,15;-0,78
11,082;-0,02;0,15;-0,78
11,083;-0,01;0,17;-0,77
11,083;-0,02;0,20;-0,79
11,083;-0,01;0,23;-0,81
11,084;-0,02;0,26;-0,82
11,089;-0,03;0,26;-0,82
11,095;-0,03;0,27;-0,83
11,099;-0,03;0,28;-0,84
11,104;-0,03;0,30;-0,85
11,109;-0,01;0,33;-0,86
11,115;-0,01;0,34;-0,87
11,119;-0,01;0,35;-0,89
11,126;-0,00;0,36;-0,90
11,129;-0,00;0,38;-0,90
11,135;-0,02;0,41;-0,90
11,140;-0,03;0,43;-0,91
11,144;-0,03;0,44;-0,92
11,149;-0,04;0,46;-0,93
11,155;-0,03;0,46;-0,93
11,160;-0,03;0,47;-0,94
11,164;-0,03;0,49;-0,95
11,169;-0,03;0,51;-0,95
11,175;-0,03;0,52;-0,94
11,179;-0,03;0,54;-0,94
11,184;-0,03;0,56;-0,96
11,189;-0,04;0,58;-0,96
11,195;-0,05;0,60;-0,96
11,199;-0,05;0,61;-0,96
11,205;-0,05;0,62;-0,96
11,219;-0,05;0,64;-0,97
11,220;-0,05;0,66;-0,97
11,220;-0,05;0,66;-0,97
11,228;-0,05;0,68;-0,96
11,230;-0,06;0,69;-0,97
11,236;-0,06;0,69;-0,97
11,240;-0,07;0,71;-0,97
11,245;-0,07;0,74;-0,98
11,250;-0,07;0,77;-0,97
11,256;-0,08;0,77;-0,95
11,260;-0,08;0,78;-0,96
11,265;-0,08;0,79;-0,95
11,270;-0,08;0,82;-0,95
11,276;-0,08;0,84;-0,94
11,280;-0,09;0,84;-0,94
11,285;-0,11;0,84;-0,92
11,290;-0,11;0,85;-0,92
11,296;-0,11;0,86;-0,93
11,300;-0,11;0,87;-0,92
11,305;-0,11;0,89;-0,91
11,310;-0,12;0,89;-0,90
11,316;-0,13;0,88;-0,89
11,320;-0,13;0,90;-0,89
11,325;-0,13;0,92;-0,87
11,330;-0,14;0,92;-0,86
11,336;-0,15;0,92;-0,85
11,340;-0,15;0,92;-0,83
11,345;-0,16;0,92;-0,83
11,351;-0,16;0,92;-0,82
11,358;-0,17;0,94;-0,82
11,361;-0,17;0,95;-0,80
11,365;-0,17;0,94;-0,79
11,378;-0,17;0,93;-0,78
11,378;-0,17;0,94;-0,77
11,381;-0,18;0,96;-0,75
11,387;-0,18;0,97;-0,73
11,391;-0,19;0,97;-0,71
11,397;-0,19;0,97;-0,71
11,402;-0,20;0,98;-0,69
11,406;-0,20;0,98;-0,67
11,412;-0,21;0,99;-0,65
11,417;-0,21;0,99;-0,64
11,421;-0,21;0,99;-0,64
11,426;-0,21;0,99;-0,62
11,431;-0,21;1,00;-0,60
11,437;-0,22;1,01;-0,59
11,441;-0,22;1,02;-0,56
11,446;-0,22;1,01;-0,56
11,451;-0,22;1,01;-0,54
11,457;-0,22;1,02;-0,53
11,461;-0,22;1,02;-0,50
11,470;-0,23;1,02;-0,48
11,472;-0,24;1,01;-0,45
11,477;-0,24;1,00;-0,43
11,481;-0,23;1,00;-0,41
11,497;-0,24;1,00;-0,41
11,498;-0,24;1,00;-0,39
11,498;-0,23;0,99;-0,38
11,502;-0,22;0,97;-0,35
11,507;-0,22;0,95;-0,33
11,512;-0,22;0,94;-0,30
11,518;-0,22;0,93;-0,28
11,522;-0,23;0,92;-0,27
11,527;-0,24;0,92;-0,25
11,532;-0,25;0,92;-0,22
11,538;-0,25;0,93;-0,20
11,542;-0,25;0,94;-0,17
11,547;-0,23;0,94;-0,14
11,553;-0,22;0,94;-0,13
11,558;-0,21;0,92;-0,13
11,563;-0,21;0,91;-0,12
11,567;-0,20;0,90;-0,10
11,572;-0,20;0,90;-0,06
11,579;-0,21;0,89;-0,03
11,582;-0,21;0,87;-0,02
11,587;-0,22;0,86;-0,00
11,592;-0,23;0,84;0,03
11,600;-0,22;0,84;0,05
11,605;-0,21;0,84;0,07
11,609;-0,21;0,81;0,09
11,625;-0,19;0,80;0,11
11,626;-0,18;0,80;0,13
11,626;-0,18;0,80;0,13
11,634;-0,18;0,80;0,16
11,635;-0,19;0,79;0,18
11,638;-0,19;0,77;0,19
11,644;-0,18;0,76;0,21
11,648;-0,18;0,75;0,25
11,653;-0,18;0,74;0,26
11,658;-0,17;0,72;0,27
11,663;-0,17;0,71;0,30
11,668;-0,16;0,70;0,31
11,673;-0,15;0,69;0,33
11,678;-0,15;0,68;0,36
11,683;-0,14;0,66;0,38
11,688;-0,14;0,66;0,38
11,693;-0,14;0,65;0,40
11,698;-0,12;0,63;0,41
11,703;-0,11;0,61;0,43
11,708;-0,10;0,59;0,45
11,713;-0,10;0,58;0,47
11,719;-0,10;0,57;0,48
11,724;-0,09;0,55;0,51
11,728;-0,08;0,54;0,51
11,733;-0,08;0,52;0,52
11,741;-0,07;0,51;0,55
11,747;-0,06;0,49;0,56
11,750;-0,06;0,46;0,57
11,778;-0,04;0,46;0,57
11,778;-0,04;0,44;0,59
11,779;-0,04;0,43;0,61
11,779;-0,03;0,43;0,62
11,779;-0,02;0,41;0,63
11,780;-0,02;0,39;0,64
11,783;-0,01;0,35;0,66
11,790;-0,00;0,35;0,68
11,794;0,00;0,34;0,68
11,799;0,01;0,33;0,70
11,804;0,02;0,30;0,71
11,808;0,03;0,27;0,72
11,814;0,03;0,26;0,74
11,821;0,05;0,26;0,74
11,824;0,05;0,26;0,74
11,829;0,06;0,25;0,75
11,834;0,04;0,22;0,77
11,840;-0,01;0,19;0,78
11,844;-0,05;0,17;0,80
11,849;-0,06;0,17;0,80
11,854;-0,07;0,15;0,80
11,860;-0,06;0,11;0,82
11,864;-0,05;0,09;0,83
11,871;-0,02;0,09;0,84
11,874;-0,00;0,09;0,84
11,880;0,03;0,08;0,84
11,887;0,05;0,08;0,85
11,893;0,06;0,03;0,85
11,896;0,06;-0,03;0,85
11,899;0,05;-0,04;0,86
11,924;0,05;-0,05;0,87
11,925;0,05;-0,07;0,87
11,925;0,03;-0,11;0,87
11,925;0,02;-0,15;0,87
11,926;0,02;-0,16;0,87
11,930;0,03;-0,15;0,87
11,936;0,05;-0,15;0,88
11,940;0,05;-0,16;0,88
11,945;0,06;-0,22;0,88
11,951;0,07;-0,24;0,88
11,955;0,08;-0,24;0,88
11,961;0,08;-0,23;0,88
11,965;0,07;-0,23;0,88
11,970;0,07;-0,25;0,89
11,975;0,05;-0,29;0,89
11,981;0,04;-0,34;0,88
11,986;0,01;-0,33;0,89
11,990;-0,00;-0,32;0,88
11,995;-0,02;-0,34;0,87
12,001;-0,02;-0,38;0,87
12,005;0,00;-0,43;0,87
12,010;0,03;-0,44;0,87
12,015;0,05;-0,45;0,86
12,027;0,06;-0,45;0,86
12,028;0,06;-0,46;0,85
12,030;0,06;-0,47;0,84
12,054;0,05;-0,49;0,84
12,054;0,04;-0,51;0,85
12,054;0,02;-0,53;0,83
12,055;0,02;-0,54;0,82
12,055;0,01;-0,56;0,82
12,062;-0,00;-0,57;0,82
12,066;-0,01;-0,59;0,80
12,071;-0,03;-0,61;0,79
12,075;-0,04;-0,62;0,79
12,082;-0,05;-0,64;0,78
12,086;-0,06;-0,64;0,78
12,091;-0,06;-0,65;0,77
12,096;-0,06;-0,67;0,76
12,102;-0,06;-0,69;0,74
12,106;-0,07;-0,70;0,73
12,111;-0,08;-0,71;0,72
12,116;-0,06;-0,73;0,71
12,122;-0,05;-0,75;0,69
12,126;-0,02;-0,77;0,67
12,134;0,01;-0,81;0,66
12,137;0,01;-0,80;0,65
12,142;-0,01;-0,74;0,65
12,159;-0,06;-0,72;0,64
12,159;-0,10;-0,72;0,62
12,159;-0,13;-0,72;0,62
12,168;-0,13;-0,74;0,58
12,168;-0,13;-0,76;0,57
12,171;-0,12;-0,80;0,56
12,176;-0,10;-0,83;0,56
12,183;-0,08;-0,85;0,54
12,187;-0,06;-0,89;0,50
12,191;-0,06;-0,89;0,49
12,197;-0,07;-0,86;0,48
12,202;-0,08;-0,89;0,47
12,207;-0,09;-0,95;0,46
12,212;-0,11;-0,99;0,45
12,217;-0,11;-0,99;0,42
12,223;-0,10;-0,94;0,42
12,227;-0,10;-0,84;0,41
12,232;-0,08;-0,80;0,38
12,237;-0,06;-0,84;0,37
12,243;-0,05;-0,85;0,37
12,247;-0,05;-0,81;0,32
12,252;-0,07;-0,76;0,26
12,257;-0,11;-0,76;0,23
12,263;-0,13;-0,80;0,24
12,267;-0,15;-0,80;0,25
12,272;-0,18;-0,78;0,25
12,293;-0,19;-0,78;0,24
12,293;-0,18;-0,80;0,22
12,293;-0,17;-0,80;0,22
12,294;-0,17;-0,82;0,20
12,297;-0,16;-0,82;0,19
12,303;-0,18;-0,81;0,17
12,307;-0,20;-0,82;0,16
12,312;-0,20;-0,82;0,14
12,317;-0,18;-0,78;0,12
12,323;-0,14;-0,75;0,13
12,328;-0,09;-0,71;0,12
12,333;-0,07;-0,69;0,08
12,338;-0,07;-0,67;0,06
12,343;-0,11;-0,68;0,08
12,348;-0,15;-0,70;0,09
12,353;-0,18;-0,70;0,09
12,358;-0,18;-0,70;0,06
12,364;-0,20;-0,69;0,05
12,368;-0,17;-0,68;0,04
12,373;-0,12;-0,66;0,03
12,378;-0,07;-0,65;0,01
12,384;-0,03;-0,63;-0,00
12,388;-0,03;-0,59;-0,02
12,393;-0,05;-0,52;-0,05
12,398;-0,09;-0,47;-0,06
12,405;-0,14;-0,43;-0,10
12,408;-0,17;-0,41;-0,16
12,413;-0,19;-0,42;-0,19
12,419;-0,18;-0,42;-0,18
12,426;-0,14;-0,43;-0,18
12,430;-0,14;-0,42;-0,18
12,433;-0,10;-0,41;-0,20
12,457;-0,07;-0,41;-0,22
12,457;-0,04;-0,42;-0,25
12,457;-0,04;-0,43;-0,26
12,458;-0,06;-0,41;-0,28
12,458;-0,09;-0,38;-0,28
12,464;-0,11;-0,35;-0,29
12,469;-0,11;-0,33;-0,31
12,474;-0,09;-0,33;-0,33
12,479;-0,07;-0,32;-0,35
12,485;-0,05;-0,32;-0,36
12,488;-0,04;-0,30;-0,36
12,494;-0,04;-0,27;-0,37
12,499;-0,05;-0,25;-0,37
12,504;-0,07;-0,26;-0,36
12,509;-0,08;-0,27;-0,37
12,514;-0,08;-0,28;-0,39
12,518;-0,08;-0,25;-0,40
12,525;-0,06;-0,21;-0,41
12,529;-0,07;-0,23;-0,41
12,538;-0,08;-0,31;-0,40
12,539;-0,06;-0,27;-0,38
12,545;-0,03;-0,10;-0,39
12,569;-0,03;-0,01;-0,41
12,570;-0,04;-0,01;-0,41
12,570;-0,04;-0,11;-0,42
12,571;-0,05;-0,23;-0,41
12,571;-0,06;-0,22;-0,38
12,574;-0,07;-0,11;-0,37
12,579;-0,06;-0,06;-0,40
12,585;-0,05;-0,12;-0,40
12,589;-0,02;-0,20;-0,37
12,594;-0,01;-0,19;-0,35
12,599;0,00;-0,10;-0,35
12,605;-0,00;-0,05;-0,37
12,609;-0,02;-0,08;-0,38
12,614;-0,04;-0,13;-0,36
12,620;-0,05;-0,13;-0,36
12,625;-0,05;-0,11;-0,35
12,630;-0,05;-0,05;-0,36
12,635;-0,04;-0,01;-0,38
12,640;-0,01;-0,02;-0,39
12,645;0,02;-0,06;-0,38
12,650;0,02;-0,04;-0,36
12,655;0,00;-0,00;-0,37
12,660;-0,02;0,02;-0,38
12,665;-0,03;0,01;-0,37
12,670;-0,02;0,01;-0,35
12,675;-0,01;0,02;-0,36
12,685;-0,01;0,03;-0,36
12,688;-0,00;0,03;-0,36
12,690;-0,00;0,06;-0,36
12,716;0,00;0,08;-0,35
12,716;0,02;0,08;-0,32
12,717;0,01;0,06;-0,32
12,717;0,01;0,07;-0,33
12,717;0,00;0,08;-0,33
12,720;0,00;0,09;-0,32
12,725;-0,00;0,09;-0,30
12,730;-0,00;0,06;-0,29
12,735;0,00;0,07;-0,29
12,740;0,01;0,10;-0,30
12,746;0,01;0,10;-0,29
12,750;0,01;0,10;-0,28
12,755;0,01;0,09;-0,28
12,760;0,01;0,08;-0,27
12,766;0,00;0,09;-0,27
12,770;-0,00;0,11;-0,25
12,776;-0,01;0,12;-0,25
12,780;-0,02;0,11;-0,26
12,786;-0,01;0,10;-0,25
12,791;0,00;0,11;-0,24
12,796;0,00;0,13;-0,22
12,801;0,01;0,14;-0,21
12,806;0,02;0,13;-0,21
12,814;0,01;0,12;-0,21
12,817;0,00;0,13;-0,21
12,821;0,00;0,13;-0,21
12,849;0,00;0,14;-0,20
12,850;-0,00;0,15;-0,19
12,850;-0,00;0,14;-0,17
12,850;0,01;0,12;-0,16
12,850;0,01;0,13;-0,16
12,851;0,00;0,16;-0,17
12,856;0,03;0,18;-0,17
12,861;0,02;0,16;-0,15
12,867;0,01;0,14;-0,14
12,871;0,01;0,15;-0,14
12,876;0,00;0,19;-0,13
12,881;-0,01;0,21;-0,13
12,887;-0,01;0,21;-0,13
12,891;-0,01;0,19;-0,14
12,897;-0,01;0,18;-0,14
12,901;-0,00;0,18;-0,14
12,907;-0,00;0,22;-0,13
12,912;0,01;0,23;-0,13
12,916;0,01;0,23;-0,13
12,922;0,01;0,21;-0,13
12,927;0,00;0,22;-0,14
12,932;0,01;0,24;-0,13
12,937;0,01;0,24;-0,13
12,942;0,02;0,23;-0,12
12,947;0,02;0,22;-0,12
12,952;0,04;0,22;-0,12
12,960;0,04;0,23;-0,12
12,964;0,03;0,24;-0,11
12,968;0,04;0,25;-0,10
12,990;0,03;0,26;-0,09
12,990;0,01;0,25;-0,07
12,991;0,00;0,26;-0,07
12,991;-0,00;0,27;-0,08
12,992;-0,01;0,27;-0,09
12,997;0,00;0,27;-0,09
13,003;0,01;0,28;-0,08
13,008;0,03;0,30;-0,07
13,013;0,03;0,30;-0,08
13,017;0,04;0,30;-0,09
13,022;0,03;0,27;-0,09
13,028;0,03;0,27;-0,11
13,033;0,01;0,27;-0,11
13,038;0,00;0,27;-0,12
13,043;-0,00;0,28;-0,12
13,048;-0,01;0,28;-0,12
13,052;-0,01;0,28;-0,13
13,057;0,00;0,30;-0,17
13,062;0,04;0,36;-0,24
13,072;0,10;0,40;-0,28
13,073;0,15;0,36;-0,18
13,078;0,16;0,34;-0,07
13,083;0,16;0,34;-0,05
13,097;0,15;0,36;-0,05
13,098;0,15;0,40;-0,11
13,098;0,10;0,37;-0,15
13,107;0,03;0,27;-0,16
13,108;-0,07;0,22;-0,19
13,113;-0,18;0,25;-0,20
13,118;-0,25;0,31;-0,17
13,123;-0,26;0,32;-0,14
13,128;-0,17;0,27;-0,17
13,133;-0,02;0,27;-0,23
13,138;0,14;0,33;-0,26
13,143;0,23;0,40;-0,22
13,149;0,21;0,41;-0,19
13,153;0,11;0,41;-0,19
13,158;0,11;0,37;-0,14
13,163;-0,05;0,33;-0,11
13,169;-0,20;0,37;-0,13
13,173;-0,24;0,43;-0,20
13,178;-0,15;0,39;-0,25
13,183;-0,00;0,28;-0,24
13,189;0,13;0,23;-0,19
13,193;0,18;0,28;-0,15
13,198;0,14;0,33;-0,13
13,203;0,03;0,33;-0,14
13,209;-0,08;0,27;-0,16
13,219;-0,15;0,26;-0,18
13,220;-0,18;0,26;-0,18
13,224;-0,18;0,32;-0,18
13,246;-0,16;0,38;-0,14
13,247;-0,10;0,39;-0,13
13,247;-0,02;0,36;-0,15
13,248;0,14;0,32;-0,16
13,249;0,27;0,32;-0,14
13,254;0,33;0,32;-0,11
13,259;0,27;0,31;-0,09
13,264;0,11;0,28;-0,11
13,270;-0,09;0,27;-0,14
13,274;-0,22;0,27;-0,16
13,279;-0,25;0,27;-0,16
13,285;-0,18;0,27;-0,13
13,290;-0,04;0,27;-0,13
13,295;-0,04;0,26;-0,12
13,299;0,12;0,26;-0,12
13,304;0,21;0,28;-0,15
13,311;0,21;0,29;-0,17
13,315;0,12;0,30;-0,18
13,319;-0,01;0,27;-0,17
13,324;-0,14;0,24;-0,14
13,330;-0,20;0,23;-0,13
13,335;-0,16;0,19;-0,14
13,340;-0,06;0,15;-0,16
13,347;0,07;0,12;-0,18
13,350;0,16;0,12;-0,17
13,354;0,18;0,09;-0,17
13,379;0,18;0,08;-0,15
13,379;0,12;0,06;-0,13
13,379;0,02;0,08;-0,11
13,380;-0,06;0,08;-0,13
13,380;-0,09;0,08;-0,13
13,385;-0,06;0,10;-0,12
13,391;-0,00;0,09;-0,13
13,395;0,07;0,08;-0,13
13,400;0,10;0,08;-0,13
13,405;0,09;0,09;-0,12
13,411;0,02;0,09;-0,08
13,415;-0,05;0,09;-0,06
13,420;-0,09;0,09;-0,06
13,425;-0,09;0,10;-0,07
13,431;-0,09;0,12;-0,09
13,435;-0,06;0,14;-0,10
13,440;-0,01;0,12;-0,09
13,445;0,05;0,10;-0,06
13,451;0,08;0,10;-0,06
13,456;0,07;0,10;-0,07
13,460;0,02;0,09;-0,07
13,465;-0,03;0,10;-0,09
13,471;-0,07;0,10;-0,07
13,476;-0,08;0,09;-0,04
13,480;-0,04;0,06;-0,03
13,485;0,01;0,06;-0,03
13,494;0,01;0,00;-0,04
13,497;0,06;-0,05;-0,05
13,500;0,09;-0,06;-0,05
13,524;0,10;-0,06;-0,05
13,525;0,10;-0,06;-0,06
13,525;0,07;-0,04;-0,06
13,526;0,05;-0,01;-0,03
13,526;0,05;-0,03;-0,00
13,532;0,07;-0,07;0,00
13,536;0,07;-0,05;-0,01
13,541;0,04;0,02;-0,02
13,546;-0,01;0,05;-0,02
13,552;-0,05;0,05;-0,02
13,556;-0,05;-0,02;0,00
13,562;-0,08;-0,12;0,01
13,567;-0,09;-0,12;-0,01
13,572;-0,06;-0,05;-0,02
13,576;-0,01;-0,04;-0,01
13,581;0,03;-0,09;-0,01
13,586;0,01;-0,16;0,00
13,592;-0,03;-0,16;-0,01
13,596;-0,08;-0,14;-0,02
13,602;-0,10;-0,09;-0,02
13,607;-0,09;-0,06;-0,02
13,612;-0,04;-0,05;-0,01
13,624;0,04;-0,05;-0,01
13,627;0,14;0,07;-0,01
13,627;0,14;0,15;-0,01
13,632;0,22;0,10;-0,00
13,655;0,27;0,00;0,03
13,656;0,38;-0,13;0,03
13,656;0,42;-0,18;-0,02
13,657;0,32;-0,01;-0,05
13,657;0,27;0,20;-0,02
13,662;0,18;0,12;0,03
13,667;-0,04;-0,09;0,04
13,673;-0,21;-0,19;0,02
13,677;-0,28;-0,17;-0,00
13,683;-0,27;-0,08;-0,01
13,687;-0,21;-0,08;-0,01
13,693;-0,21;-0,01;-0,02
13,697;-0,14;-0,07;0,02
13,702;-0,10;-0,16;0,08
13,707;-0,11;-0,20;0,13
13,713;-0,14;-0,16;0,06
13,717;-0,12;-0,07;-0,04
13,722;-0,09;-0,06;-0,05
13,727;-0,06;-0,09;0,02
13,737;-0,02;-0,04;0,08
13,737;0,03;0,02;0,09
13,743;0,06;0,00;0,05
13,761;0,08;-0,02;0,01
13,761;0,06;-0,02;0,01
13,762;0,06;-0,02;-0,01
13,771;0,03;-0,03;-0,00
13,772;-0,02;-0,10;0,04
13,774;-0,06;-0,14;0,08
13,778;-0,06;-0,12;0,06
13,783;-0,00;-0,13;0,04
13,788;0,07;-0,15;-0,01
13,793;0,09;-0,13;-0,03
13,798;0,06;-0,09;0,00
13,803;0,03;-0,09;0,07
13,808;0,00;-0,09;0,08
13,813;-0,02;-0,04;0,04
13,818;-0,03;-0,04;0,04
13,823;-0,03;-0,03;-0,00
13,828;-0,01;-0,07;0,00
13,834;0,01;-0,10;0,01
13,838;0,03;-0,11;0,04
13,843;0,03;-0,15;0,07
13,848;0,04;-0,18;0,06
13,853;0,03;-0,16;0,02
13,859;0,00;-0,14;0,00
13,867;-0,02;-0,15;-0,00
13,870;-0,02;-0,13;0,03
13,874;-0,02;-0,09;0,06
13,916;-0,01;-0,07;0,06
13,916;0,00;-0,07;0,03
13,917;0,03;-0,08;0,03
13,917;0,03;-0,08;0,00
13,917;0,04;-0,09;-0,00
13,917;0,02;-0,11;0,03
13,918;0,00;-0,13;0,05
13,918;-0,01;-0,12;0,05
13,918;0,02;-0,09;0,04
13,923;0,08;-0,09;0,03
13,929;0,14;-0,10;0,03
13,934;0,18;-0,10;0,04
13,939;0,16;-0,09;0,04
13,944;0,10;-0,06;0,06
13,949;0,02;-0,06;0,07
13,955;-0,04;-0,01;0,07
13,959;-0,04;-0,02;0,06
13,964;-0,06;-0,06;0,05
13,969;-0,06;-0,09;0,04
13,975;-0,05;-0,07;0,05
13,979;-0,04;-0,05;0,07
13,984;-0,03;-0,08;0,07
13,989;-0,02;-0,11;0,07
13,995;-0,03;-0,11;0,06
13,999;-0,06;-0,09;0,06
14,005;-0,10;-0,09;0,06
14,012;-0,14;-0,13;0,06
14,016;-0,13;-0,12;0,05
14,019;-0,09;-0,12;0,05
14,042;-0,09;-0,07;0,05
14,042;-0,01;-0,03;0,05
14,042;0,05;0,01;0,05
14,043;0,08;0,03;0,04
14,044;0,08;0,00;0,04
14,050;0,06;-0,01;0,05
14,056;0,01;-0,02;0,05
14,060;-0,03;-0,02;0,04
14,065;-0,05;-0,05;0,06
14,070;-0,05;-0,09;0,07
14,075;-0,02;-0,10;0,04
14,080;0,02;-0,10;0,03
14,085;0,05;-0,10;0,03
14,090;0,05;-0,10;0,01
14,096;0,04;-0,07;0,02
14,100;0,01;-0,04;0,02
14,105;-0,01;-0,04;0,03
14,110;-0,02;-0,02;0,03
14,116;-0,03;-0,00;0,02
14,120;-0,01;0,00;0,01
14,125;0,01;-0,03;0,01
14,130;0,04;-0,05;0,01
14,141;0,05;-0,07;0,00
14,143;0,05;-0,08;0,00
14,149;0,04;-0,08;-0,00
14,150;0,01;-0,08;-0,00
14,169;0,01;-0,08;-0,00
14,169;-0,00;-0,07;-0,01
14,170;-0,01;-0,08;0,00
14,170;-0,01;-0,04;0,01
14,176;-0,01;-0,01;0,01
14,180;-0,01;-0,02;0,00
14,186;0,01;-0,02;0,00
14,191;0,00;-0,03;0,01
14,196;0,00;-0,02;0,01
14,201;-0,00;-0,02;0,01
14,205;-0,01;-0,04;0,02
14,211;-0,01;-0,05;0,01
14,217;-0,01;-0,05;0,00
14,221;-0,02;-0,05;0,00
14,226;-0,02;-0,03;-0,01
14,231;-0,01;-0,02;-0,03
14,237;-0,01;-0,01;-0,02
14,241;-0,01;0,00;-0,01
14,246;-0,01;0,00;-0,01
14,251;-0,00;0,01;-0,01
14,257;0,00;0,02;-0,02
14,261;0,02;0,03;-0,01
14,270;0,03;0,00;-0,00
14,273;0,03;-0,02;0,00
14,280;0,02;-0,03;0,01
14,281;-0,00;-0,02;0,01
14,298;-0,00;-0,02;0,01
14,298;-0,00;-0,03;0,01
14,298;-0,00;-0,02;0,01
14,301;-0,00;-0,01;0,01
14,306;-0,01;-0,00;0,01
14,311;-0,01;0,00;0,01
14,318;-0,01;0,01;0,01
14,322;-0,01;0,02;0,01
14,327;-0,00;0,03;0,01
14,331;0,01;0,01;0,01
14,337;0,01;0,00;0,01
14,341;0,01;0,00;0,00
14,347;0,00;-0,00;-0,00
14,352;-0,01;-0,00;-0,00
14,358;-0,01;0,00;-0,00
14,362;-0,01;0,00;-0,01
14,367;-0,02;-0,01;-0,02
14,372;-0,02;-0,01;-0,01
14,377;-0,01;0,01;-0,01
14,382;0,00;0,01;0,00
14,387;0,01;0,01;0,00
14,392;0,01;0,00;-0,01
14,398;0,01;0,00;-0,01
14,402;-0,00;-0,01;-0,01
14,407;-0,01;-0,00;0,00
14,417;-0,00;-0,01;0,01
14,421;0,00;-0,01;0,01
14,423;0,00;-0,02;0,01
14,458;0,00;-0,02;0,01
14,459;0,01;-0,01;0,01
14,459;0,02;-0,01;0,01
14,459;0,02;-0,01;0,02
14,459;0,01;-0,01;0,02
14,460;0,01;-0,01;0,02
14,460;0,01;0,01;0,01
14,463;-0,00;0,00;0,01
14,467;-0,01;-0,01;0,01
14,473;-0,01;-0,02;0,01
14,478;0,00;-0,02;0,00
14,483;0,01;-0,02;0,01
14,489;-0,00;-0,02;0,01
14,493;-0,00;-0,01;0,02
14,498;-0,02;-0,02;0,00
14,503;-0,04;-0,04;0,00
14,509;-0,05;-0,03;-0,01
14,513;-0,03;-0,02;-0,02
14,518;0,01;0,01;-0,02
14,523;0,04;0,00;-0,02
14,528;0,07;-0,01;-0,01
14,533;0,06;-0,00;-0,00
14,539;0,03;-0,00;0,01
14,548;-0,01;-0,00;-0,00
14,549;-0,04;-0,01;-0,00
14,556;-0,05;-0,01;-0,00
14,582;-0,05;-0,02;0,00
14,583;-0,03;-0,03;0,00
14,583;0,00;-0,03;-0,00
14,583;0,04;-0,01;0,01
14,583;0,06;-0,02;0,00
14,584;0,03;-0,02;-0,00
14,591;0,01;0,00;-0,01
14,597;-0,03;0,01;-0,01
